feature_id,account_id,transaction_count,successful_transactions,failed_transactions,failed_tx_ratio,total_volume,borrow_count,borrow_volume,repay_count,repay_volume,repayment_ratio,deposit_volume,withdrawal_volume,net_deposit_flow,unique_counterparties,unique_tokens,unique_protocols,active_days,historical_liquidation_count
1,1,8,8,0,0.0,16963.664874,1,2924.638003,5,2815.596729,0.962716,6827.03535,0.0,6827.03535,1,4,4,8,0
2,2,5,5,0,0.0,20557.907428,0,0.0,0,0.0,0.0,0.0,6108.016012,-6108.016012,3,4,2,5,0
3,3,6,5,1,0.166667,21812.394287,1,8717.222706,4,8666.188278,0.994146,0.0,0.0,0.0,1,4,3,5,0
4,4,4,4,0,0.0,16510.784969,1,4083.136978,1,2995.354129,0.733591,0.0,3573.242973,-3573.242973,1,2,3,4,0
5,5,10,9,1,0.1,20116.585008,1,4965.391805,8,7524.16544,1.0,7627.027763,0.0,7627.027763,0,5,4,10,0
6,6,5,5,0,0.0,21290.976254,2,3571.451686,0,0.0,0.0,7687.695617,0.0,7687.695617,1,4,3,5,1
7,7,3,3,0,0.0,11340.45774,1,1781.762704,1,987.234941,0.554078,0.0,0.0,0.0,1,3,3,3,0
8,8,7,7,0,0.0,29081.33524,1,5543.605486,3,4658.050113,0.840256,2504.477424,0.0,2504.477424,2,2,3,7,0
9,9,3,3,0,0.0,5609.829189,1,2662.644207,0,0.0,0.0,0.0,0.0,0.0,1,3,2,3,1
10,10,7,5,2,0.285714,27267.079323,0,0.0,0,0.0,0.0,3331.009882,4616.20307,-1285.193188,3,3,4,7,0
11,11,9,8,1,0.111111,42556.477942,0,0.0,0,0.0,0.0,6706.252763,9630.900752,-2924.647989,6,5,3,9,0
12,12,6,6,0,0.0,15494.06317,1,1109.519498,2,1008.953817,0.909361,0.0,4145.569378,-4145.569378,2,3,3,6,0
13,13,8,8,0,0.0,38279.369485,3,14306.884615,1,5921.512335,0.413893,5469.595272,4702.949726,766.645546,1,4,4,8,1
14,14,10,9,1,0.1,31782.749276,3,8795.008303,3,5916.140247,0.67267,2490.946015,0.0,2490.946015,2,5,4,10,1
15,15,10,10,0,0.0,31164.356023,1,3332.966609,3,3029.114457,0.908834,9444.553211,6780.966595,2663.586616,3,5,4,10,0
16,16,7,7,0,0.0,28883.347501,1,8845.907432,4,8620.767307,0.974549,0.0,0.0,0.0,2,5,4,7,0
17,17,3,3,0,0.0,13446.785519,0,0.0,0,0.0,0.0,0.0,7980.450778,-7980.450778,2,2,3,3,0
18,18,3,3,0,0.0,14364.251727,1,3751.337746,1,3303.190474,0.880537,0.0,0.0,0.0,1,2,1,3,0
19,19,8,7,1,0.125,16219.884923,1,1848.607255,5,1838.214817,0.994378,0.0,0.0,0.0,2,5,4,8,0
20,20,1,0,1,1.0,9141.630403,0,0.0,0,0.0,0.0,9141.630403,0.0,9141.630403,0,1,1,1,0
21,21,10,9,1,0.1,62131.701999,1,7784.609356,2,6021.480828,0.773511,5683.831123,18510.091166,-12826.260043,4,5,3,10,0
22,22,11,11,0,0.0,51136.949755,1,3832.071807,2,2187.153849,0.57075,16006.743293,4812.115631,11194.627662,3,5,4,11,1
23,23,7,7,0,0.0,31164.212965,4,14773.512546,1,5024.684927,0.340114,0.0,9184.085361,-9184.085361,0,4,2,7,1
24,24,6,5,1,0.166667,14414.094924,2,5060.109089,2,1314.24076,0.259726,0.0,101.123928,-101.123928,1,3,3,6,0
25,25,10,10,0,0.0,29800.42096,2,10310.986385,5,10265.093595,0.995549,0.0,7008.143702,-7008.143702,2,5,4,8,0
26,26,5,5,0,0.0,25551.40023,0,0.0,0,0.0,0.0,0.0,19459.422286,-19459.422286,2,5,2,5,0
27,27,9,9,0,0.0,47730.817675,0,0.0,0,0.0,0.0,15499.170106,0.0,15499.170106,6,4,4,9,0
28,28,8,7,1,0.125,41608.854823,1,3502.211381,1,794.165813,0.226761,17696.33249,0.0,17696.33249,2,3,4,8,1
29,29,7,7,0,0.0,26630.360238,2,10932.242827,2,3221.340213,0.294664,0.0,0.0,0.0,2,2,4,7,1
30,30,6,6,0,0.0,22447.032433,1,543.147792,2,541.044696,0.996128,7815.695451,0.0,7815.695451,2,5,3,6,0
31,31,11,11,0,0.0,61110.602899,2,14113.225535,2,10724.257047,0.759873,7151.510897,5763.909783,1387.601114,3,4,4,10,1
32,32,5,5,0,0.0,24482.318891,0,0.0,0,0.0,0.0,4991.901454,3935.264221,1056.637233,2,3,3,5,0
33,33,3,3,0,0.0,12888.510411,0,0.0,0,0.0,0.0,0.0,12888.510411,-12888.510411,0,2,3,3,0
34,34,5,5,0,0.0,24621.025451,0,0.0,0,0.0,0.0,9177.676135,0.0,9177.676135,4,4,3,5,0
35,35,8,8,0,0.0,40261.907661,0,0.0,0,0.0,0.0,7951.035832,12039.306609,-4088.270777,5,3,3,7,0
36,36,6,6,0,0.0,26617.889325,1,7414.708332,1,3336.487152,0.449982,0.0,1974.192637,-1974.192637,3,4,3,6,0
37,37,4,4,0,0.0,11653.63113,0,0.0,0,0.0,0.0,194.477101,0.0,194.477101,3,4,3,4,0
38,38,3,3,0,0.0,17085.396953,0,0.0,0,0.0,0.0,0.0,0.0,0.0,3,1,2,3,0
39,39,7,7,0,0.0,20814.249408,1,3785.575216,2,3709.899645,0.980009,4189.821691,2291.525118,1898.296573,2,5,4,6,0
40,40,7,7,0,0.0,40891.523515,0,0.0,0,0.0,0.0,0.0,10199.092513,-10199.092513,5,4,2,7,0
41,41,8,8,0,0.0,49047.499614,1,189.487962,0,0.0,0.0,5465.582478,0.0,5465.582478,6,4,3,8,0
42,42,7,7,0,0.0,10740.15541,1,626.613494,3,582.553011,0.929685,0.0,391.22159,-391.22159,2,4,2,7,0
43,43,6,5,1,0.166667,22447.984369,0,0.0,0,0.0,0.0,6649.072412,3521.454605,3127.617807,4,3,2,6,0
44,44,5,5,0,0.0,18595.669919,1,9548.768099,3,8627.049365,0.903472,0.0,419.852455,-419.852455,0,4,3,5,0
45,45,6,6,0,0.0,26130.029834,1,5243.199406,2,4892.098371,0.933037,0.0,0.0,0.0,3,4,3,6,0
46,46,6,5,1,0.166667,30098.470702,0,0.0,0,0.0,0.0,2027.838809,0.0,2027.838809,4,3,2,6,0
47,47,11,9,2,0.181818,50533.118722,0,0.0,0,0.0,0.0,14769.356073,60.459986,14708.896087,7,5,3,11,0
48,48,8,8,0,0.0,19482.96122,1,5794.793332,6,5790.185872,0.999205,0.0,0.0,0.0,1,4,4,8,0
49,49,5,5,0,0.0,24501.379061,0,0.0,0,0.0,0.0,14038.753353,7383.135139,6655.618214,1,4,3,5,0
50,50,6,6,0,0.0,35116.960833,0,0.0,0,0.0,0.0,0.0,9786.674497,-9786.674497,4,2,2,5,0
51,51,6,6,0,0.0,20762.336079,1,3841.167804,2,2712.556027,0.70618,6320.567431,0.0,6320.567431,2,4,4,6,0
52,52,6,6,0,0.0,25276.558604,0,0.0,0,0.0,0.0,3818.447231,0.0,3818.447231,4,3,2,6,0
53,53,7,7,0,0.0,28597.082836,1,5305.820598,3,5236.686033,0.98697,0.0,8029.435309,-8029.435309,2,4,3,6,0
54,54,7,7,0,0.0,28867.521193,2,13052.597454,3,4855.632213,0.372005,0.0,0.0,0.0,1,3,4,7,1
55,55,8,8,0,0.0,24627.476316,1,6655.647206,2,4775.462383,0.717505,0.0,7497.239828,-7497.239828,2,5,4,8,1
56,56,8,8,0,0.0,40482.20047,0,0.0,0,0.0,0.0,15079.057771,11739.301407,3339.756364,3,4,2,8,0
57,57,8,6,2,0.25,33748.722382,0,0.0,0,0.0,0.0,14209.185635,7793.40386,6415.781775,4,4,3,8,0
58,58,8,7,1,0.125,50902.710525,0,0.0,0,0.0,0.0,22564.925706,13908.12575,8656.799956,3,5,3,7,0
59,59,8,8,0,0.0,46790.002704,0,0.0,0,0.0,0.0,30766.186961,0.0,30766.186961,4,3,3,7,0
60,60,4,4,0,0.0,3253.524857,1,1693.085864,3,1560.438993,0.921654,0.0,0.0,0.0,0,3,2,4,0
61,61,8,8,0,0.0,50063.581189,3,13803.67177,0,0.0,0.0,9414.034984,0.0,9414.034984,4,4,4,7,0
62,62,5,5,0,0.0,16747.685238,1,3402.029696,2,2670.222794,0.784891,0.0,0.0,0.0,2,3,2,4,0
63,63,6,6,0,0.0,24773.553041,1,7067.260397,1,5947.130285,0.841504,2196.163011,7869.553361,-5673.39035,1,4,2,6,0
64,64,4,4,0,0.0,20031.905896,1,543.593194,0,0.0,0.0,7234.533116,0.0,7234.533116,2,3,2,4,0
65,65,4,4,0,0.0,21364.482358,0,0.0,0,0.0,0.0,0.0,8749.267945,-8749.267945,3,3,2,4,0
66,66,6,6,0,0.0,44733.48376,2,14298.849401,1,6727.760378,0.470511,14730.251128,0.0,14730.251128,1,4,3,6,0
67,67,9,8,1,0.111111,36763.050684,0,0.0,0,0.0,0.0,0.0,6754.606398,-6754.606398,8,5,3,8,0
68,68,8,8,0,0.0,21953.894654,4,18877.892945,0,0.0,0.0,0.0,0.0,0.0,3,3,3,8,1
69,69,8,8,0,0.0,38051.225729,1,6981.223717,1,5664.336869,0.811367,16046.949679,7800.299889,8246.64979,2,5,4,8,0
70,70,10,10,0,0.0,44269.763822,2,4601.131634,0,0.0,0.0,25289.461502,2478.207534,22811.253968,3,5,4,10,0
71,71,4,3,1,0.25,20319.215996,0,0.0,0,0.0,0.0,5892.082049,0.0,5892.082049,2,3,1,4,0
72,72,10,10,0,0.0,27393.33976,1,6467.195262,6,6365.182457,0.984226,4038.387034,0.0,4038.387034,2,5,3,10,0
73,73,10,10,0,0.0,50740.652281,2,8488.642836,0,0.0,0.0,18281.596751,5355.68844,12925.908311,3,4,4,9,1
74,74,9,9,0,0.0,17181.274849,1,4276.983522,6,3993.924122,0.933818,0.0,0.0,0.0,2,5,4,9,0
75,75,2,2,0,0.0,9463.00809,1,6258.390785,1,3204.617305,0.512051,0.0,0.0,0.0,0,2,2,2,0
76,76,7,7,0,0.0,16837.11869,1,2896.437662,3,2373.91574,0.819598,0.0,2341.250792,-2341.250792,2,3,3,7,0
77,77,10,10,0,0.0,55276.750468,1,5634.460051,0,0.0,0.0,16732.804234,9124.147961,7608.656273,3,4,3,10,1
78,78,7,7,0,0.0,27652.353025,1,3128.498421,2,2928.931191,0.93621,8012.509434,3499.472265,4513.037169,2,5,4,6,0
79,79,6,6,0,0.0,35042.549409,0,0.0,0,0.0,0.0,0.0,2490.128267,-2490.128267,5,4,2,5,0
80,80,8,7,1,0.125,44031.983722,0,0.0,0,0.0,0.0,4483.381388,14410.857475,-9927.476087,5,4,2,8,0
81,81,6,6,0,0.0,33185.132224,1,8772.366651,0,0.0,0.0,8497.295469,4394.173816,4103.121653,2,5,3,6,0
82,82,9,9,0,0.0,63481.194783,4,20549.127899,0,0.0,0.0,2557.117317,8335.611188,-5778.493871,2,5,4,8,1
83,83,7,7,0,0.0,43040.586876,0,0.0,0,0.0,0.0,9134.114114,16071.713539,-6937.599425,4,5,3,6,0
84,84,7,7,0,0.0,33595.857109,2,7084.601264,0,0.0,0.0,0.0,14778.671847,-14778.671847,3,3,4,6,0
85,85,10,10,0,0.0,32180.522493,1,2201.292665,2,1818.246631,0.82599,21370.073067,0.0,21370.073067,2,5,3,9,1
86,86,10,10,0,0.0,15689.948139,1,5698.710409,5,5676.937031,0.996179,2334.828877,1830.586434,504.242443,1,4,4,9,0
87,87,13,13,0,0.0,39776.188726,1,4448.82199,5,4445.82105,0.999325,2730.622614,13832.015053,-11101.392439,3,5,4,13,0
88,88,7,7,0,0.0,40562.774905,1,4636.984222,2,4469.721404,0.963929,6946.085783,8901.936528,-1955.850745,2,5,3,6,0
89,89,5,5,0,0.0,29014.416607,0,0.0,0,0.0,0.0,4703.542297,0.0,4703.542297,4,3,2,5,0
90,90,5,4,1,0.2,29711.147567,1,8507.774262,2,5073.779294,0.59637,0.0,9963.152899,-9963.152899,1,3,3,5,0
91,91,6,6,0,0.0,46352.402427,2,13376.210359,0,0.0,0.0,9225.866049,6280.827961,2945.038088,2,4,3,6,0
92,92,7,7,0,0.0,45473.370297,0,0.0,0,0.0,0.0,14427.751378,7152.03992,7275.711458,4,4,3,7,0
93,93,9,9,0,0.0,47156.866445,0,0.0,0,0.0,0.0,3702.557669,1466.196786,2236.360883,6,5,3,8,0
94,94,9,9,0,0.0,23543.676728,1,607.292323,4,607.259096,0.999945,0.0,0.0,0.0,4,5,3,9,0
95,95,5,5,0,0.0,28170.464622,1,2234.505885,1,1855.973294,0.830597,0.0,0.0,0.0,3,3,3,4,0
96,96,12,12,0,0.0,16570.195773,1,375.401509,8,375.18128,0.999413,0.0,1816.306563,-1816.306563,2,5,4,11,0
97,97,11,11,0,0.0,26319.215705,2,3679.925855,5,3100.713934,0.842602,0.0,15670.521502,-15670.521502,1,4,4,11,1
98,98,6,6,0,0.0,18138.205862,1,8824.222304,3,8818.022853,0.999297,0.0,399.420538,-399.420538,1,3,3,6,0
99,99,10,9,1,0.1,52262.901644,2,15809.705403,0,0.0,0.0,2810.505513,0.0,2810.505513,7,5,4,9,0
100,100,8,8,0,0.0,21519.999264,1,8513.116234,5,8133.411633,0.955398,0.0,0.0,0.0,1,3,4,8,1
101,101,10,10,0,0.0,37236.946001,4,15421.174986,2,1149.951002,0.07457,0.0,0.0,0.0,2,5,4,10,2
102,102,9,9,0,0.0,22262.589309,1,1441.08103,2,816.921943,0.566881,5385.265367,8034.847623,-2649.582256,2,5,4,9,0
103,103,8,8,0,0.0,37324.377656,1,6091.917496,1,1359.368617,0.223143,538.185122,8930.554702,-8392.36958,4,2,4,7,0
104,104,4,4,0,0.0,19819.134185,1,5425.167549,0,0.0,0.0,0.0,0.0,0.0,2,2,2,4,1
105,105,11,10,1,0.090909,47138.281848,1,8263.066106,5,8140.03519,0.985111,9952.453318,0.0,9952.453318,4,5,4,10,0
106,106,8,8,0,0.0,38383.853897,0,0.0,0,0.0,0.0,0.0,2558.536705,-2558.536705,7,4,3,8,0
107,107,6,6,0,0.0,26909.062265,1,3344.270111,0,0.0,0.0,11122.246659,5849.296259,5272.9504,2,4,3,6,0
108,108,5,5,0,0.0,20335.155292,0,0.0,0,0.0,0.0,1306.670767,2118.507001,-811.836234,3,2,2,5,0
109,109,7,7,0,0.0,34730.283991,1,4538.113658,1,1466.216004,0.323089,0.0,11254.951234,-11254.951234,3,2,2,6,0
110,110,4,4,0,0.0,22562.710853,3,15306.504277,0,0.0,0.0,0.0,0.0,0.0,0,3,4,4,1
111,111,6,6,0,0.0,10907.779992,0,0.0,0,0.0,0.0,445.166599,0.0,445.166599,5,3,2,6,0
112,112,7,7,0,0.0,32290.316812,0,0.0,0,0.0,0.0,6455.832542,8812.095539,-2356.262997,4,4,3,7,0
113,113,4,3,1,0.25,13690.888172,1,5313.604982,2,7510.600403,1.0,0.0,0.0,0.0,1,3,2,4,0
114,114,5,5,0,0.0,9690.171525,0,0.0,0,0.0,0.0,217.166846,5314.572103,-5097.405257,2,4,2,5,0
115,115,12,12,0,0.0,29822.248232,1,7471.715748,6,7470.109528,0.999785,3958.725379,7812.809229,-3854.08385,1,5,4,12,1
116,116,7,6,1,0.142857,14312.643063,1,346.41618,3,292.129153,0.84329,11420.009919,0.0,11420.009919,1,5,4,7,0
117,117,2,1,1,0.5,3510.407969,0,0.0,0,0.0,0.0,3510.407969,0.0,3510.407969,0,2,2,2,0
118,118,11,11,0,0.0,50742.453274,5,23143.667717,2,8683.376237,0.375194,0.0,0.0,0.0,2,4,4,10,2
119,119,4,4,0,0.0,22251.772853,0,0.0,0,0.0,0.0,0.0,4165.32904,-4165.32904,3,2,1,4,0
120,120,7,6,1,0.142857,31575.853473,0,0.0,0,0.0,0.0,0.0,3989.592252,-3989.592252,6,4,4,7,0
121,121,10,10,0,0.0,37280.762293,1,2242.777224,3,2222.065951,0.990765,18692.553978,3419.983902,15272.570076,2,5,3,10,0
122,122,3,3,0,0.0,14101.639513,1,4452.571724,1,1586.161288,0.356235,0.0,0.0,0.0,1,2,3,3,0
123,123,8,8,0,0.0,27729.665936,1,6405.346105,4,6402.096207,0.999493,0.0,4772.092445,-4772.092445,2,5,3,8,0
124,124,10,10,0,0.0,55091.150051,0,0.0,0,0.0,0.0,1754.067081,7896.932818,-6142.865737,8,4,2,9,0
125,125,4,4,0,0.0,12395.564119,0,0.0,0,0.0,0.0,2301.391032,0.0,2301.391032,3,4,1,4,0
126,126,11,11,0,0.0,65798.94959,0,0.0,0,0.0,0.0,16471.068316,3451.650844,13019.417472,7,5,3,11,0
127,127,8,7,1,0.125,54975.111721,0,0.0,0,0.0,0.0,33243.906029,0.0,33243.906029,3,4,3,8,0
128,128,4,4,0,0.0,19898.530103,4,19898.530103,0,0.0,0.0,0.0,0.0,0.0,0,2,3,4,0
129,129,4,4,0,0.0,12239.483715,0,0.0,0,0.0,0.0,0.0,0.0,0.0,4,2,2,3,0
130,130,7,6,1,0.142857,29469.670475,1,3762.396981,2,1983.693043,0.527242,8375.005401,5350.188804,3024.816597,2,4,4,7,0
131,131,5,5,0,0.0,26261.236662,0,0.0,0,0.0,0.0,3507.001792,9285.370367,-5778.368575,3,3,2,5,0
132,132,4,4,0,0.0,19348.321518,0,0.0,0,0.0,0.0,2893.269067,5725.590558,-2832.321491,2,2,3,4,0
133,133,9,9,0,0.0,39596.551585,0,0.0,0,0.0,0.0,11752.990483,6701.882034,5051.108449,5,4,4,9,0
134,134,9,9,0,0.0,44339.309923,1,4551.163838,1,2924.997906,0.642692,16617.584886,0.0,16617.584886,4,4,4,9,0
135,135,3,3,0,0.0,5013.247232,1,3655.835037,2,1357.412195,0.3713,0.0,0.0,0.0,0,2,2,3,0
136,136,6,6,0,0.0,50197.907871,4,26386.528661,0,0.0,0.0,0.0,8119.718214,-8119.718214,0,3,4,6,1
137,137,1,1,0,0.0,7985.725404,0,0.0,0,0.0,0.0,0.0,0.0,0.0,1,1,0,1,0
138,138,12,12,0,0.0,54485.103345,4,26195.543477,3,9169.060382,0.350024,1531.041422,1049.967563,481.073859,3,4,4,12,0
139,139,4,4,0,0.0,37972.677106,1,9223.716804,0,0.0,0.0,9929.039054,0.0,9929.039054,2,4,2,4,0
140,140,6,6,0,0.0,23038.009839,0,0.0,0,0.0,0.0,0.0,4260.042021,-4260.042021,4,3,1,6,0
141,141,10,10,0,0.0,42604.969695,0,0.0,0,0.0,0.0,21791.117049,5689.088251,16102.028798,5,5,3,9,0
142,142,7,7,0,0.0,49843.373441,0,0.0,0,0.0,0.0,20713.219148,9424.840216,11288.378932,3,5,4,7,0
143,143,11,10,1,0.090909,61893.98541,0,0.0,0,0.0,0.0,23286.357652,16531.053047,6755.304605,4,5,4,10,0
144,144,6,6,0,0.0,26901.307395,0,0.0,0,0.0,0.0,3803.740545,0.0,3803.740545,5,3,3,6,0
145,145,8,7,1,0.125,28506.45077,1,370.766235,1,180.950151,0.488044,7751.385676,2291.694182,5459.691494,3,4,3,8,1
146,146,8,8,0,0.0,56456.258236,3,22704.069331,2,10601.672249,0.46695,0.0,5508.592199,-5508.592199,2,4,4,8,0
147,147,7,7,0,0.0,15371.446905,0,0.0,0,0.0,0.0,4605.572977,1454.628019,3150.944958,4,5,2,7,0
148,148,15,14,1,0.066667,89052.694965,0,0.0,0,0.0,0.0,21211.258375,26373.799084,-5162.540709,9,5,3,12,0
149,149,7,7,0,0.0,39931.06214,0,0.0,0,0.0,0.0,13423.893577,9762.048394,3661.845183,3,5,2,7,0
150,150,6,5,1,0.166667,14634.506882,1,5205.371096,1,921.138475,0.176959,324.231611,540.662223,-216.430612,2,2,3,6,0
151,151,4,3,1,0.25,22645.277449,0,0.0,0,0.0,0.0,354.859194,0.0,354.859194,3,2,2,4,0
152,152,4,4,0,0.0,18892.938255,0,0.0,0,0.0,0.0,0.0,12959.152201,-12959.152201,2,3,2,4,0
153,153,6,6,0,0.0,22455.689177,2,4790.031061,0,0.0,0.0,7088.88265,0.0,7088.88265,1,4,3,6,1
154,154,6,6,0,0.0,19912.125094,0,0.0,0,0.0,0.0,6211.436102,5957.349795,254.086307,2,4,4,6,0
155,155,3,3,0,0.0,21297.708419,1,9525.340749,0,0.0,0.0,0.0,0.0,0.0,2,3,2,3,0
156,156,4,4,0,0.0,17410.199868,0,0.0,0,0.0,0.0,0.0,9618.368623,-9618.368623,3,4,1,4,0
157,157,11,11,0,0.0,26545.530298,1,3102.274819,5,3069.302054,0.989371,9338.379689,4987.887597,4350.492092,2,5,4,11,1
158,158,4,4,0,0.0,20883.322531,1,8225.830275,2,5481.116733,0.66633,0.0,7176.375523,-7176.375523,0,3,3,4,0
159,159,13,11,2,0.153846,59927.880134,1,1562.031708,0,0.0,0.0,9843.415015,6797.275089,3046.139926,6,5,4,13,0
160,160,7,7,0,0.0,19944.815907,0,0.0,0,0.0,0.0,3237.096016,4341.252952,-1104.156936,3,4,3,7,0
161,161,8,8,0,0.0,31372.703663,4,19507.0031,1,3070.896078,0.157425,1096.169838,7561.099585,-6464.929747,1,4,4,8,0
162,162,5,5,0,0.0,24530.718498,0,0.0,0,0.0,0.0,4700.631475,5136.238099,-435.606624,2,3,3,5,0
163,163,8,8,0,0.0,29645.376355,1,8437.43255,5,8418.973213,0.997812,0.0,9441.682912,-9441.682912,1,4,3,8,0
164,164,5,5,0,0.0,28307.175132,0,0.0,0,0.0,0.0,0.0,2909.02978,-2909.02978,4,3,3,5,0
165,165,3,3,0,0.0,17814.441678,0,0.0,0,0.0,0.0,0.0,6850.780657,-6850.780657,2,3,2,3,0
166,166,7,7,0,0.0,29891.318582,1,5917.859102,3,5797.973432,0.979742,0.0,0.0,0.0,3,4,3,7,0
167,167,8,8,0,0.0,39565.475402,1,6170.669684,2,2903.365801,0.470511,9181.017644,5788.172867,3392.844777,3,4,4,7,0
168,168,6,6,0,0.0,36370.055971,0,0.0,0,0.0,0.0,17858.929293,8229.958854,9628.970439,3,4,3,5,0
169,169,5,5,0,0.0,28313.592223,0,0.0,0,0.0,0.0,5754.159845,0.0,5754.159845,4,3,2,5,0
170,170,10,10,0,0.0,46041.835619,0,0.0,0,0.0,0.0,8679.809211,2246.10544,6433.703771,7,4,4,10,0
171,171,3,3,0,0.0,18064.852042,0,0.0,0,0.0,0.0,0.0,0.0,0.0,3,2,1,3,0
172,172,5,5,0,0.0,35833.390096,0,0.0,0,0.0,0.0,0.0,16289.717098,-16289.717098,3,4,3,5,0
173,173,3,3,0,0.0,24986.007047,0,0.0,0,0.0,0.0,0.0,0.0,0.0,3,3,1,3,0
174,174,4,4,0,0.0,24459.814613,1,5693.94298,1,2822.254662,0.495659,15943.616971,0.0,15943.616971,0,3,2,3,0
175,175,5,5,0,0.0,25612.556424,0,0.0,0,0.0,0.0,0.0,0.0,0.0,5,4,2,4,0
176,176,6,6,0,0.0,23735.952979,3,11534.697793,0,0.0,0.0,573.447232,0.0,573.447232,1,2,3,6,1
177,177,5,4,1,0.2,15178.857524,0,0.0,0,0.0,0.0,0.0,7969.706829,-7969.706829,3,3,2,5,0
178,178,8,7,1,0.125,45125.005578,1,7633.867954,0,0.0,0.0,12950.516204,6103.238203,6847.278001,2,4,3,8,1
179,179,6,5,1,0.166667,19271.567647,0,0.0,0,0.0,0.0,9486.118731,0.0,9486.118731,5,3,2,6,0
180,180,6,6,0,0.0,22387.262346,2,2698.903568,1,2229.380053,0.826032,0.0,0.0,0.0,3,4,3,6,0
181,181,3,2,1,0.333333,15035.436775,1,9090.742246,2,5944.694529,0.653928,0.0,0.0,0.0,0,2,2,3,0
182,182,10,10,0,0.0,34822.906588,3,13343.503322,5,7192.231176,0.539006,8145.471126,0.0,8145.471126,0,4,4,9,1
183,183,7,7,0,0.0,29032.09572,0,0.0,0,0.0,0.0,3526.725958,6600.539898,-3073.81394,5,4,4,7,0
184,184,11,11,0,0.0,53096.130775,0,0.0,0,0.0,0.0,15874.644795,16088.292478,-213.647683,4,5,4,9,0
185,185,6,5,1,0.166667,15529.472559,0,0.0,0,0.0,0.0,0.0,5643.889694,-5643.889694,3,4,2,6,0
186,186,6,5,1,0.166667,22743.060401,0,0.0,0,0.0,0.0,2940.798488,0.0,2940.798488,5,4,3,6,0
187,187,6,6,0,0.0,29036.04026,0,0.0,0,0.0,0.0,1049.477639,0.0,1049.477639,5,4,2,6,0
188,188,5,5,0,0.0,20278.165902,1,5647.582968,3,5399.384525,0.956052,0.0,9231.198409,-9231.198409,0,4,2,5,0
189,189,7,7,0,0.0,20849.228175,1,822.364475,2,676.667596,0.822832,3774.060826,3776.499123,-2.438297,2,3,2,7,0
190,190,6,6,0,0.0,22578.907573,0,0.0,0,0.0,0.0,7427.987956,0.0,7427.987956,4,4,4,6,0
191,191,11,11,0,0.0,18644.69526,1,4386.396738,7,4359.979777,0.993978,3766.860004,0.0,3766.860004,2,5,3,9,0
192,192,5,5,0,0.0,7644.129136,1,3833.404641,4,3810.724495,0.994084,0.0,0.0,0.0,0,4,2,5,0
193,193,8,8,0,0.0,24532.576514,2,5643.765422,3,1487.085092,0.263492,0.0,0.0,0.0,2,4,4,8,1
194,194,7,7,0,0.0,44579.897398,0,0.0,0,0.0,0.0,0.0,20849.874954,-20849.874954,4,4,2,7,0
195,195,5,5,0,0.0,25879.647034,0,0.0,0,0.0,0.0,2466.678164,15972.506277,-13505.828113,2,4,2,5,0
196,196,5,5,0,0.0,25979.535821,0,0.0,0,0.0,0.0,12222.912369,9004.539749,3218.37262,2,3,2,5,0
197,197,6,6,0,0.0,14650.109694,1,1749.085974,3,1688.444349,0.96533,0.0,0.0,0.0,2,3,3,6,0
198,198,8,8,0,0.0,41082.961962,0,0.0,0,0.0,0.0,0.0,6920.789338,-6920.789338,5,5,4,8,0
199,199,5,5,0,0.0,18858.267601,0,0.0,0,0.0,0.0,0.0,1203.98467,-1203.98467,4,3,3,5,0
200,200,4,4,0,0.0,12876.205067,1,2111.095295,1,342.936019,0.162445,0.0,0.0,0.0,1,2,3,4,1
201,201,8,8,0,0.0,34366.197059,1,5878.793457,2,5647.157096,0.960598,14842.967767,0.0,14842.967767,2,3,4,8,1
202,202,7,7,0,0.0,47184.317359,3,18406.807141,1,5150.762457,0.279829,0.0,0.0,0.0,2,4,3,7,1
203,203,7,6,1,0.142857,32188.786836,1,5698.195289,3,7770.963617,1.0,2457.802666,7002.670532,-4544.867866,1,5,3,6,0
204,204,7,7,0,0.0,26544.633216,0,0.0,0,0.0,0.0,9567.343121,0.0,9567.343121,6,3,2,7,0
205,205,6,5,1,0.166667,27080.32448,0,0.0,0,0.0,0.0,0.0,0.0,0.0,6,5,3,6,0
206,206,4,4,0,0.0,27076.051337,1,8844.480409,2,8762.826246,0.990768,0.0,0.0,0.0,1,4,2,4,0
207,207,6,6,0,0.0,24354.824892,1,8253.249377,3,7315.47258,0.886375,0.0,1021.553185,-1021.553185,1,4,4,6,0
208,208,5,4,1,0.2,35295.322183,4,23004.177681,0,0.0,0.0,0.0,0.0,0.0,0,4,3,5,1
209,209,3,3,0,0.0,10407.152376,1,5224.055718,2,5183.096658,0.99216,0.0,0.0,0.0,0,2,3,3,0
210,210,6,6,0,0.0,35774.633606,0,0.0,0,0.0,0.0,0.0,10159.728041,-10159.728041,4,5,3,6,0
211,211,7,7,0,0.0,32695.472211,0,0.0,0,0.0,0.0,8363.796834,8284.002066,79.794768,3,4,2,7,0
212,212,7,7,0,0.0,26342.489878,1,5211.099655,0,0.0,0.0,7276.817611,0.0,7276.817611,4,5,2,7,0
213,213,3,3,0,0.0,5735.265309,1,3348.915188,1,2045.035752,0.610656,0.0,0.0,0.0,1,2,2,3,0
214,214,4,4,0,0.0,9446.587237,2,3837.099665,1,1542.987844,0.402123,0.0,0.0,0.0,1,2,3,4,0
215,215,6,6,0,0.0,17533.257428,0,0.0,0,0.0,0.0,0.0,5441.457877,-5441.457877,3,4,2,6,0
216,216,7,7,0,0.0,18688.264186,1,7373.689605,5,7353.266955,0.99723,0.0,0.0,0.0,1,3,3,7,0
217,217,8,8,0,0.0,47480.537351,1,8508.710071,2,7804.545617,0.917242,0.0,0.0,0.0,5,4,4,8,0
218,218,5,5,0,0.0,27743.876253,0,0.0,0,0.0,0.0,0.0,0.0,0.0,5,3,1,5,0
219,219,5,5,0,0.0,12519.474495,1,4592.451218,1,3000.026563,0.653252,296.860489,3037.71157,-2740.851081,0,5,4,5,1
220,220,8,8,0,0.0,8740.007345,1,4371.340663,7,4368.666682,0.999388,0.0,0.0,0.0,0,3,3,8,0
221,221,10,10,0,0.0,28875.019422,1,317.717335,2,210.216628,0.661647,11424.357279,0.0,11424.357279,3,4,4,10,0
222,222,4,4,0,0.0,23848.186294,2,11924.093147,1,2103.950859,0.176445,0.0,0.0,0.0,0,3,2,3,1
223,223,6,6,0,0.0,26526.085953,1,9627.494311,4,7704.076679,0.800216,0.0,0.0,0.0,1,3,3,6,0
224,224,10,10,0,0.0,43129.0159,1,3671.000335,3,3076.805109,0.838138,0.0,0.0,0.0,6,4,3,9,0
225,225,7,7,0,0.0,43080.480778,0,0.0,0,0.0,0.0,22446.327785,6595.507201,15850.820584,2,5,3,7,0
226,226,8,7,1,0.125,53375.823399,0,0.0,0,0.0,0.0,0.0,26969.059143,-26969.059143,4,4,4,8,0
227,227,6,6,0,0.0,21750.691309,0,0.0,0,0.0,0.0,8988.971177,1861.020866,7127.950311,3,5,4,5,0
228,228,8,8,0,0.0,43118.601912,0,0.0,0,0.0,0.0,4666.209715,21298.918513,-16632.708798,3,4,3,8,0
229,229,3,3,0,0.0,5136.791526,0,0.0,0,0.0,0.0,3454.962287,0.0,3454.962287,1,3,2,3,0
230,230,7,7,0,0.0,26745.372609,1,1260.553614,0,0.0,0.0,0.0,12839.498959,-12839.498959,3,5,3,7,0
231,231,9,9,0,0.0,44828.437257,0,0.0,0,0.0,0.0,2815.931078,0.0,2815.931078,8,5,2,9,0
232,232,6,6,0,0.0,22879.685852,2,12164.576833,0,0.0,0.0,1703.895024,6162.180107,-4458.285083,1,4,3,5,0
233,233,6,6,0,0.0,36079.082333,0,0.0,0,0.0,0.0,7455.345942,5926.506522,1528.83942,3,4,2,6,0
234,234,8,8,0,0.0,50296.846765,0,0.0,0,0.0,0.0,5348.444297,16120.300519,-10771.856222,4,5,3,7,0
235,235,10,10,0,0.0,37773.610381,1,6632.463214,6,6619.002828,0.997971,0.0,0.0,0.0,3,5,4,10,0
236,236,4,4,0,0.0,16459.774765,1,6370.236505,2,5010.999542,0.786627,0.0,0.0,0.0,1,3,3,4,0
237,237,6,6,0,0.0,25061.42767,2,12380.23319,3,6833.96965,0.552007,5847.22483,0.0,5847.22483,0,4,3,6,0
238,238,7,7,0,0.0,23242.799399,1,5014.157987,1,1732.081897,0.345438,2434.634544,0.0,2434.634544,3,4,4,6,1
239,239,11,11,0,0.0,30123.211804,2,8914.507228,4,8391.303669,0.941309,221.921662,256.279561,-34.357899,2,4,4,10,1
240,240,5,5,0,0.0,11739.927864,1,3368.871691,3,2683.037674,0.79642,0.0,5688.018499,-5688.018499,0,3,4,5,0
241,241,12,12,0,0.0,60705.944206,4,24454.467725,4,10583.285253,0.432775,4116.00397,0.0,4116.00397,2,5,4,12,1
242,242,9,9,0,0.0,27216.918251,1,9619.137379,7,9486.823499,0.986245,8110.957373,0.0,8110.957373,0,4,3,9,0
243,243,4,4,0,0.0,21745.371923,1,9643.984879,2,5678.935642,0.588858,0.0,0.0,0.0,1,3,3,4,0
244,244,7,7,0,0.0,16031.86069,1,8015.930345,5,7894.128897,0.984805,0.0,0.0,0.0,0,4,3,7,1
245,245,10,9,1,0.1,46481.041357,0,0.0,0,0.0,0.0,6056.998561,18972.01476,-12915.016199,5,4,3,10,0
246,246,9,7,2,0.222222,42113.245643,0,0.0,0,0.0,0.0,7236.9938,9831.057238,-2594.063438,6,5,3,8,0
247,247,7,5,2,0.285714,20868.206796,0,0.0,0,0.0,0.0,4339.858359,14105.816043,-9765.957684,1,4,4,7,0
248,248,5,5,0,0.0,13132.593999,1,3847.428554,2,3031.512174,0.787932,0.0,0.0,0.0,2,4,3,5,0
249,249,8,7,1,0.125,41714.212096,0,0.0,0,0.0,0.0,19404.633944,6454.048276,12950.585668,4,4,3,8,0
250,250,3,3,0,0.0,16306.693888,0,0.0,0,0.0,0.0,0.0,7680.032973,-7680.032973,2,3,1,3,0
251,251,6,6,0,0.0,40516.57455,0,0.0,0,0.0,0.0,9627.890036,9353.822387,274.067649,3,3,3,6,0
252,252,5,5,0,0.0,29445.068258,3,14722.534129,1,6262.981865,0.425401,0.0,0.0,0.0,0,2,4,5,1
253,253,8,8,0,0.0,29217.306155,0,0.0,0,0.0,0.0,6163.827065,0.0,6163.827065,7,5,3,8,0
254,254,5,5,0,0.0,22387.483952,0,0.0,0,0.0,0.0,8706.122923,0.0,8706.122923,3,4,3,5,0
255,255,9,9,0,0.0,42635.977974,1,6669.863937,2,4189.246458,0.628086,12511.963777,3245.181903,9266.781874,2,5,2,9,0
256,256,3,3,0,0.0,19139.132046,0,0.0,0,0.0,0.0,0.0,0.0,0.0,3,2,2,3,0
257,257,5,4,1,0.2,33866.53011,0,0.0,0,0.0,0.0,0.0,17032.600241,-17032.600241,3,3,3,5,0
258,258,5,4,1,0.2,28663.503711,0,0.0,0,0.0,0.0,0.0,0.0,0.0,5,3,1,5,0
259,259,4,4,0,0.0,20210.674644,0,0.0,0,0.0,0.0,0.0,0.0,0.0,4,3,1,4,0
260,260,3,3,0,0.0,8496.79346,1,1220.916967,0,0.0,0.0,1044.610412,6231.266081,-5186.655669,0,3,2,3,0
261,261,2,2,0,0.0,12572.505721,0,0.0,0,0.0,0.0,9472.306783,0.0,9472.306783,1,2,1,2,0
262,262,5,5,0,0.0,37899.728372,0,0.0,0,0.0,0.0,33619.876926,4279.851446,29340.02548,0,3,2,5,0
263,263,8,8,0,0.0,31609.456436,1,6332.526872,3,5043.29117,0.796411,0.0,7552.633443,-7552.633443,3,5,3,8,0
264,264,4,4,0,0.0,19292.841144,1,2247.852801,0,0.0,0.0,0.0,9346.775088,-9346.775088,1,3,3,4,0
265,265,13,11,2,0.153846,64668.141515,2,13439.14519,3,11144.641776,0.829267,5539.637071,4365.614919,1174.022152,5,5,4,13,1
266,266,4,4,0,0.0,22472.741919,0,0.0,0,0.0,0.0,0.0,10301.090086,-10301.090086,2,3,2,4,0
267,267,7,7,0,0.0,33563.95897,3,11837.968136,0,0.0,0.0,0.0,0.0,0.0,4,5,3,7,0
268,268,11,11,0,0.0,10684.279822,1,4804.577201,9,4804.576989,1.0,0.0,0.0,0.0,1,4,4,11,0
269,269,8,8,0,0.0,26945.65011,1,3247.048384,2,2878.844443,0.886603,1782.327445,7214.325655,-5431.99821,2,5,3,7,1
270,270,9,8,1,0.111111,48791.067729,1,7319.534383,0,0.0,0.0,6024.167697,426.163912,5598.003785,5,4,4,9,0
271,271,4,4,0,0.0,22144.970725,0,0.0,0,0.0,0.0,0.0,15486.110105,-15486.110105,2,4,3,4,0
272,272,10,9,1,0.1,50378.877994,2,12283.565542,1,1067.973962,0.086943,0.0,0.0,0.0,6,5,4,9,1
273,273,5,5,0,0.0,19496.454277,0,0.0,0,0.0,0.0,0.0,771.883016,-771.883016,4,3,2,5,0
274,274,7,7,0,0.0,40241.448172,0,0.0,0,0.0,0.0,3412.313919,3624.876494,-212.562575,5,3,3,7,0
275,275,7,6,1,0.142857,6311.570631,1,3124.480518,6,3187.090113,1.0,0.0,0.0,0.0,0,4,4,7,0
276,276,5,5,0,0.0,13806.334094,1,9169.784749,2,3047.989109,0.332395,272.802883,0.0,272.802883,1,3,1,5,0
277,277,6,6,0,0.0,12677.682795,1,6343.677625,5,6334.00517,0.998475,0.0,0.0,0.0,0,4,3,6,0
278,278,6,6,0,0.0,37285.014879,0,0.0,0,0.0,0.0,684.598297,14399.516576,-13714.918279,3,3,4,6,0
279,279,7,7,0,0.0,29652.257983,0,0.0,0,0.0,0.0,0.0,0.0,0.0,7,4,2,7,0
280,280,7,7,0,0.0,45636.939137,1,9356.686976,0,0.0,0.0,10050.136665,4963.193921,5086.942744,3,4,4,7,0
281,281,10,10,0,0.0,52681.848413,4,22367.376868,2,7884.616333,0.352505,3935.019337,0.0,3935.019337,2,5,3,8,1
282,282,5,5,0,0.0,24646.356984,1,1553.532958,0,0.0,0.0,6619.06073,7171.842123,-552.781393,1,4,3,5,1
283,283,6,6,0,0.0,47145.588108,0,0.0,0,0.0,0.0,6356.644108,13648.601962,-7291.957854,3,4,2,6,0
284,284,10,10,0,0.0,35808.676086,1,9479.743043,5,9443.177345,0.996143,0.0,9818.185733,-9818.185733,3,5,4,8,0
285,285,9,9,0,0.0,40998.374015,0,0.0,0,0.0,0.0,12412.038151,7936.403877,4475.634274,5,5,4,9,0
286,286,9,9,0,0.0,58049.709119,0,0.0,0,0.0,0.0,24430.260615,7813.592212,16616.668403,5,5,4,9,0
287,287,9,9,0,0.0,31086.19229,1,2227.759065,1,757.147917,0.33987,0.0,17065.70555,-17065.70555,3,5,3,8,0
288,288,6,6,0,0.0,12549.204097,0,0.0,0,0.0,0.0,2562.551626,1992.140467,570.411159,4,4,3,6,0
289,289,7,7,0,0.0,28018.289021,1,4637.080386,2,4244.402472,0.915318,9233.962878,9902.843285,-668.880407,0,4,3,7,0
290,290,9,8,1,0.111111,43870.599154,3,14573.564078,3,7701.278601,0.528442,0.0,0.0,0.0,2,5,3,8,1
291,291,5,5,0,0.0,32599.453124,0,0.0,0,0.0,0.0,11217.286461,7064.73862,4152.547841,2,3,3,5,0
292,292,10,10,0,0.0,16457.570417,2,6534.925027,6,6290.805885,0.962644,3631.696299,0.0,3631.696299,0,4,4,10,1
293,293,7,7,0,0.0,19511.850969,1,1626.850971,4,1616.887952,0.993876,0.0,6859.270818,-6859.270818,1,4,3,7,0
294,294,4,4,0,0.0,21717.255842,0,0.0,0,0.0,0.0,7845.937508,0.0,7845.937508,3,2,1,4,0
295,295,5,5,0,0.0,18943.007507,1,8546.632645,3,7158.842881,0.837621,0.0,0.0,0.0,1,3,3,5,0
296,296,6,6,0,0.0,36438.067311,4,15115.058046,0,0.0,0.0,7605.204295,0.0,7605.204295,0,3,3,6,1
297,297,4,4,0,0.0,23794.668142,1,8525.735496,0,0.0,0.0,0.0,0.0,0.0,2,2,2,4,1
298,298,13,11,2,0.153846,85994.76015,5,32580.294605,2,10241.575944,0.314349,8519.486137,0.0,8519.486137,4,4,4,13,1
299,299,4,4,0,0.0,20428.34336,1,3109.800179,1,2862.649912,0.920525,0.0,9096.641433,-9096.641433,1,3,3,4,0
300,300,5,5,0,0.0,28597.606703,0,0.0,0,0.0,0.0,0.0,8627.529881,-8627.529881,3,4,2,5,0
301,301,9,9,0,0.0,36630.328349,3,16119.278742,1,1980.060517,0.122838,0.0,3288.125611,-3288.125611,2,4,4,8,2
302,302,6,5,1,0.166667,34033.643552,0,0.0,0,0.0,0.0,6628.228753,7791.32468,-1163.095927,3,4,3,6,0
303,303,6,6,0,0.0,38031.783224,0,0.0,0,0.0,0.0,11624.121879,6681.72286,4942.399019,3,5,3,6,0
304,304,6,6,0,0.0,31695.574482,1,6034.718307,0,0.0,0.0,0.0,10889.114386,-10889.114386,3,4,2,6,0
305,305,9,9,0,0.0,27150.013184,2,2628.631273,0,0.0,0.0,0.0,5832.560866,-5832.560866,5,5,3,9,1
306,306,5,5,0,0.0,3991.104468,1,609.642187,3,508.216805,0.833631,0.0,0.0,0.0,1,2,2,5,0
307,307,9,9,0,0.0,31644.088852,5,11645.463457,1,1024.232536,0.087951,0.0,8417.211401,-8417.211401,0,4,4,9,2
308,308,6,5,1,0.166667,21908.20132,1,4078.815869,2,4920.399147,1.0,0.0,0.0,0.0,3,5,4,6,0
309,309,11,11,0,0.0,27805.305785,1,583.67176,5,531.371597,0.910395,0.0,4533.523754,-4533.523754,4,5,4,10,0
310,310,7,7,0,0.0,30389.825983,1,7518.037559,4,7517.35722,0.99991,8012.436169,0.0,8012.436169,1,5,3,7,0
311,311,2,2,0,0.0,10525.447262,2,10525.447262,0,0.0,0.0,0.0,0.0,0.0,0,2,2,2,0
312,312,8,8,0,0.0,48881.208271,0,0.0,0,0.0,0.0,7103.847691,10102.209994,-2998.362303,5,5,2,8,0
313,313,3,3,0,0.0,19299.206445,1,9133.687286,0,0.0,0.0,0.0,10165.519159,-10165.519159,0,2,3,3,0
314,314,4,4,0,0.0,20658.003133,0,0.0,0,0.0,0.0,6064.212295,14593.790838,-8529.578543,0,3,4,4,0
315,315,6,6,0,0.0,31429.764909,0,0.0,0,0.0,0.0,7876.30532,2617.033336,5259.271984,3,4,2,6,0
316,316,4,4,0,0.0,8493.380824,2,8393.729703,2,99.651121,0.011872,0.0,0.0,0.0,0,3,4,4,0
317,317,8,8,0,0.0,35235.047914,1,7471.497986,2,6047.771674,0.809446,6543.318497,0.0,6543.318497,4,4,4,8,0
318,318,4,4,0,0.0,20365.017463,2,9929.771034,0,0.0,0.0,0.0,0.0,0.0,2,4,2,4,0
319,319,5,5,0,0.0,21500.243982,0,0.0,0,0.0,0.0,12703.744613,7969.607928,4734.136685,2,4,2,4,0
320,320,6,6,0,0.0,42463.785879,0,0.0,0,0.0,0.0,0.0,7053.285504,-7053.285504,5,4,4,6,0
321,321,7,6,1,0.142857,33105.904354,4,15831.2332,0,0.0,0.0,9449.220816,0.0,9449.220816,2,4,3,6,0
322,322,3,3,0,0.0,3805.766934,1,185.901907,0,0.0,0.0,0.0,0.0,0.0,1,3,3,3,1
323,323,9,9,0,0.0,46189.327453,0,0.0,0,0.0,0.0,8693.049843,11788.894705,-3095.844862,6,4,4,9,0
324,324,3,3,0,0.0,11692.375596,1,5893.491048,2,5798.884548,0.983947,0.0,0.0,0.0,0,3,2,3,0
325,325,8,8,0,0.0,43383.859487,0,0.0,0,0.0,0.0,12689.747611,23625.647778,-10935.900167,2,4,4,7,0
326,326,10,10,0,0.0,39767.418796,2,9388.731509,5,7774.684899,0.828087,6483.983787,8114.306438,-1630.322651,1,5,3,10,0
327,327,9,9,0,0.0,45338.530085,0,0.0,0,0.0,0.0,8800.457252,6526.579957,2273.877295,6,5,4,9,0
328,328,10,8,2,0.2,20305.922165,1,1721.784759,5,2064.515252,1.0,1074.793369,6651.743926,-5576.950557,2,4,3,9,0
329,329,4,4,0,0.0,20801.979389,0,0.0,0,0.0,0.0,6619.777889,503.100585,6116.677304,2,4,3,4,0
330,330,12,12,0,0.0,33222.531743,1,6065.737788,8,6063.041804,0.999556,0.0,3975.938498,-3975.938498,2,5,4,12,0
331,331,6,6,0,0.0,36310.352441,1,3065.609267,0,0.0,0.0,0.0,20543.049765,-20543.049765,2,4,2,5,0
332,332,5,4,1,0.2,26662.510221,2,10949.608804,0,0.0,0.0,0.0,0.0,0.0,1,4,3,5,2
333,333,9,9,0,0.0,37873.173426,0,0.0,0,0.0,0.0,9829.549879,6215.444026,3614.105853,5,4,3,9,0
334,334,10,10,0,0.0,38175.654648,3,15028.294531,4,4032.536143,0.26833,0.0,7799.751574,-7799.751574,1,5,4,9,1
335,335,7,7,0,0.0,23428.283733,1,1393.61645,3,1028.24498,0.737825,0.0,0.0,0.0,3,5,3,6,0
336,336,5,5,0,0.0,28008.07919,0,0.0,0,0.0,0.0,3622.541318,8852.52245,-5229.981132,2,3,3,5,0
337,337,6,6,0,0.0,35487.033641,0,0.0,0,0.0,0.0,8109.941908,6345.002779,1764.939129,3,3,4,6,0
338,338,10,9,1,0.1,48309.910494,0,0.0,0,0.0,0.0,0.0,7956.877002,-7956.877002,9,4,2,10,0
339,339,7,7,0,0.0,20360.499168,1,5985.099164,4,5966.759642,0.996936,5248.540756,0.0,5248.540756,1,3,4,6,0
340,340,6,6,0,0.0,32770.960171,0,0.0,0,0.0,0.0,246.616254,7190.458543,-6943.842289,4,4,2,6,0
341,341,8,8,0,0.0,47415.38009,0,0.0,0,0.0,0.0,19682.225041,9058.190241,10624.0348,4,4,4,6,0
342,342,5,5,0,0.0,28482.340352,0,0.0,0,0.0,0.0,10368.830033,8925.935003,1442.89503,2,4,4,5,0
343,343,6,6,0,0.0,38931.300971,2,13319.715221,2,8476.723345,0.636404,7546.423853,0.0,7546.423853,1,5,4,6,0
344,344,6,6,0,0.0,19894.053961,1,5461.522358,4,5039.281295,0.922688,0.0,0.0,0.0,1,4,2,6,0
345,345,4,2,2,0.5,28356.012883,1,9184.590673,0,0.0,0.0,0.0,0.0,0.0,3,3,1,4,0
346,346,11,11,0,0.0,35712.699961,1,2099.727924,4,2096.91,0.998658,16261.33843,9263.410005,6997.928425,1,5,4,11,0
347,347,10,10,0,0.0,30998.965173,0,0.0,0,0.0,0.0,5271.892898,16640.951024,-11369.058126,5,4,3,9,0
348,348,8,8,0,0.0,39027.840527,0,0.0,0,0.0,0.0,7077.023918,9572.389847,-2495.365929,5,4,4,8,0
349,349,5,5,0,0.0,4693.433311,1,2464.289337,4,2229.143974,0.904579,0.0,0.0,0.0,0,3,3,5,0
350,350,5,5,0,0.0,29173.903439,1,1549.636265,0,0.0,0.0,0.0,9772.54746,-9772.54746,3,4,3,4,0
351,351,4,4,0,0.0,19328.179834,0,0.0,0,0.0,0.0,0.0,15390.37794,-15390.37794,1,2,2,4,0
352,352,9,8,1,0.111111,45234.289337,2,12051.914378,2,8261.435414,0.685487,2243.301028,13601.996345,-11358.695317,1,5,3,9,1
353,353,8,8,0,0.0,47708.977963,1,8289.745231,2,7627.208406,0.920078,0.0,7999.535771,-7999.535771,3,4,3,8,0
354,354,3,3,0,0.0,12029.951237,0,0.0,0,0.0,0.0,0.0,4597.958122,-4597.958122,1,3,2,3,0
355,355,9,8,1,0.111111,19660.406299,1,5006.620454,7,5054.054114,1.0,0.0,9599.731731,-9599.731731,0,4,4,7,0
356,356,7,7,0,0.0,15894.909401,1,1569.372834,3,1553.973069,0.990187,1340.139751,0.0,1340.139751,2,4,4,7,0
357,357,6,6,0,0.0,25918.41104,0,0.0,0,0.0,0.0,0.0,9977.576314,-9977.576314,3,3,3,6,0
358,358,3,3,0,0.0,17647.418853,0,0.0,0,0.0,0.0,0.0,7741.674871,-7741.674871,2,3,2,3,0
359,359,6,6,0,0.0,23802.160952,1,3216.727468,2,3176.288465,0.987429,2053.70769,9032.54908,-6978.84139,1,4,4,6,0
360,360,4,4,0,0.0,26816.214777,0,0.0,0,0.0,0.0,7520.635714,0.0,7520.635714,3,4,2,4,0
361,361,4,4,0,0.0,19952.384719,0,0.0,0,0.0,0.0,0.0,6387.784315,-6387.784315,3,2,1,4,0
362,362,10,9,1,0.1,19089.171299,2,9205.066113,7,9123.412605,0.99113,760.692581,0.0,760.692581,0,4,4,9,0
363,363,11,10,1,0.090909,20181.061976,1,2359.86479,7,4693.113664,1.0,0.0,0.0,0.0,3,5,3,10,0
364,364,3,3,0,0.0,4497.747768,1,3298.671438,0,0.0,0.0,0.0,0.0,0.0,2,3,2,3,0
365,365,7,7,0,0.0,9709.476188,1,3053.671432,4,2931.766899,0.960079,0.0,3125.766146,-3125.766146,1,4,3,7,0
366,366,6,4,2,0.333333,36877.713093,2,16486.513402,0,0.0,0.0,9459.18399,255.620233,9203.563757,2,4,2,6,0
367,367,6,6,0,0.0,37229.434789,1,6496.553955,1,5632.272702,0.866963,14541.247015,0.0,14541.247015,2,4,3,6,0
368,368,7,7,0,0.0,22669.369471,3,15705.471239,0,0.0,0.0,0.0,2842.183935,-2842.183935,2,4,4,7,0
369,369,8,7,1,0.125,30163.740149,1,630.60571,2,517.432825,0.820533,1026.291559,0.0,1026.291559,4,5,4,8,0
370,370,6,6,0,0.0,19821.143577,0,0.0,0,0.0,0.0,8604.876289,4826.444913,3778.431376,3,3,4,6,0
371,371,13,13,0,0.0,51831.616887,1,8784.681814,5,8775.652937,0.998972,11779.326515,0.0,11779.326515,5,5,4,13,0
372,372,5,5,0,0.0,17724.677279,0,0.0,0,0.0,0.0,6054.577298,2279.079574,3775.497724,2,4,2,5,0
373,373,5,5,0,0.0,26784.280628,1,8938.601557,0,0.0,0.0,0.0,0.0,0.0,3,3,3,5,1
374,374,13,12,1,0.076923,41468.320046,5,24946.467022,6,8859.928412,0.355158,0.0,0.0,0.0,1,4,4,13,1
375,375,8,7,1,0.125,14038.983343,1,2580.964412,5,2580.090734,0.999661,1596.789947,0.0,1596.789947,1,4,3,8,0
376,376,4,4,0,0.0,6087.939579,1,2598.035365,1,1708.370848,0.657563,1660.563421,120.969945,1539.593476,0,4,4,4,0
377,377,3,3,0,0.0,14104.127955,0,0.0,0,0.0,0.0,0.0,8727.649687,-8727.649687,2,3,2,3,0
378,378,7,7,0,0.0,6170.606017,2,3115.130274,2,925.201719,0.297003,0.0,1216.461847,-1216.461847,1,4,3,7,1
379,379,4,3,1,0.25,25399.224181,0,0.0,0,0.0,0.0,5148.000797,0.0,5148.000797,3,3,1,4,0
380,380,7,7,0,0.0,46132.346247,4,21196.154814,2,17391.396552,0.820498,0.0,7544.794881,-7544.794881,0,4,3,7,0
381,381,5,5,0,0.0,23329.799745,2,13733.834045,1,3954.66763,0.287951,0.0,0.0,0.0,1,3,3,5,1
382,382,2,2,0,0.0,10477.227191,0,0.0,0,0.0,0.0,0.0,8785.094486,-8785.094486,1,2,1,2,0
383,383,5,5,0,0.0,22355.182137,1,8581.188388,0,0.0,0.0,0.0,3440.184284,-3440.184284,3,4,2,5,0
384,384,8,8,0,0.0,23092.682405,1,6927.569083,0,0.0,0.0,0.0,4041.534141,-4041.534141,3,4,4,8,0
385,385,8,8,0,0.0,55184.621145,0,0.0,0,0.0,0.0,3120.820303,0.0,3120.820303,7,3,3,8,0
386,386,7,7,0,0.0,28292.541823,1,2956.256716,2,1901.23565,0.643123,8501.473812,7639.556469,861.917343,2,4,3,7,0
387,387,7,7,0,0.0,36731.682727,1,5117.793826,1,4914.949029,0.960365,0.0,11939.187911,-11939.187911,3,5,3,7,0
388,388,10,10,0,0.0,37176.94042,1,7143.890664,1,2048.458646,0.286743,15754.363838,0.0,15754.363838,4,4,4,9,0
389,389,5,5,0,0.0,31181.685584,1,7691.736301,1,2086.547027,0.271271,0.0,8318.946797,-8318.946797,2,3,4,5,0
390,390,7,6,1,0.142857,44375.563989,0,0.0,0,0.0,0.0,24031.758501,0.0,24031.758501,4,4,4,7,0
391,391,6,5,1,0.166667,36249.124017,3,18815.447581,0,0.0,0.0,5658.369825,0.0,5658.369825,1,4,3,6,1
392,392,2,2,0,0.0,8458.034074,1,4229.017037,0,0.0,0.0,0.0,0.0,0.0,0,2,2,2,1
393,393,6,6,0,0.0,29316.877666,3,15107.827909,3,14209.049757,0.940509,0.0,0.0,0.0,0,4,3,6,0
394,394,9,8,1,0.111111,43323.055715,3,10536.658939,2,9560.837433,0.907388,9658.426863,0.0,9658.426863,2,4,4,8,0
395,395,8,8,0,0.0,23572.304002,1,259.900104,2,211.964192,0.81556,0.0,8489.127832,-8489.127832,4,4,3,7,0
396,396,9,9,0,0.0,15901.779131,1,5738.198618,6,5723.496442,0.997438,0.0,0.0,0.0,1,4,4,8,1
397,397,8,8,0,0.0,28312.125882,1,1316.874309,1,714.728041,0.542746,0.0,6962.849363,-6962.849363,4,4,3,8,1
398,398,4,4,0,0.0,27760.387683,0,0.0,0,0.0,0.0,9910.419245,4598.524322,5311.894923,2,4,3,4,0
399,399,6,5,1,0.166667,31734.607738,1,8796.652169,1,3103.078342,0.352757,5444.957049,3390.055986,2054.901063,2,3,3,6,0
400,400,7,7,0,0.0,33476.873002,2,9469.240282,1,1947.869964,0.205705,0.0,9586.24792,-9586.24792,3,4,3,7,0
401,401,10,10,0,0.0,53824.093403,1,7682.307193,3,7583.18405,0.987097,13023.33058,8704.701191,4318.629389,3,5,2,10,0
402,402,6,6,0,0.0,28188.02807,0,0.0,0,0.0,0.0,4428.263932,11941.698478,-7513.434546,3,4,1,6,0
403,403,14,14,0,0.0,22862.943911,1,9285.276534,10,9285.27487,1.0,3729.871328,0.0,3729.871328,1,5,4,12,0
404,404,4,4,0,0.0,27856.377239,1,8272.63359,1,7860.771348,0.950214,0.0,6168.516981,-6168.516981,1,3,3,4,0
405,405,9,9,0,0.0,44193.146137,1,9598.058146,4,8472.902963,0.882773,0.0,9516.638717,-9516.638717,2,5,4,9,0
406,406,5,5,0,0.0,30407.392142,0,0.0,0,0.0,0.0,16917.185701,0.0,16917.185701,3,3,2,5,0
407,407,4,4,0,0.0,4303.655256,1,184.237327,1,98.316229,0.533639,0.0,316.992754,-316.992754,1,3,3,4,0
408,408,15,14,1,0.066667,40317.616237,2,6416.836207,6,126.547904,0.019721,5888.125875,25858.569704,-19970.443829,1,5,4,12,0
409,409,7,6,1,0.142857,21006.708677,0,0.0,0,0.0,0.0,7194.695344,5149.788182,2044.907162,3,4,4,7,0
410,410,5,5,0,0.0,21370.813828,0,0.0,0,0.0,0.0,6017.868888,403.701793,5614.167095,3,4,3,5,0
411,411,6,6,0,0.0,9084.460347,1,4696.124847,5,4388.3355,0.934459,0.0,0.0,0.0,0,4,3,6,0
412,412,9,9,0,0.0,54974.715071,0,0.0,0,0.0,0.0,5090.272319,14507.546945,-9417.274626,5,5,4,9,0
413,413,5,5,0,0.0,12038.343656,1,2966.969357,3,2067.259954,0.696758,0.0,7004.114345,-7004.114345,0,4,3,5,0
414,414,5,5,0,0.0,32497.321684,0,0.0,0,0.0,0.0,9324.749083,7606.518526,1718.230557,3,3,2,5,0
415,415,7,7,0,0.0,48575.745481,4,24043.441571,0,0.0,0.0,7002.777357,0.0,7002.777357,1,4,3,7,1
416,416,6,6,0,0.0,35416.501715,1,1030.370947,0,0.0,0.0,0.0,0.0,0.0,5,5,4,6,0
417,417,7,7,0,0.0,38307.801225,0,0.0,0,0.0,0.0,15132.103579,5400.696571,9731.407008,3,5,4,7,0
418,418,8,8,0,0.0,37973.115148,0,0.0,0,0.0,0.0,4180.457443,12751.619283,-8571.16184,4,4,3,7,0
419,419,5,5,0,0.0,30237.110056,1,9165.56337,0,0.0,0.0,0.0,5240.314721,-5240.314721,1,3,3,5,1
420,420,11,11,0,0.0,61372.45731,4,21887.117069,2,3926.200927,0.179384,14293.104243,0.0,14293.104243,2,5,4,11,1
421,421,6,6,0,0.0,39801.303658,0,0.0,0,0.0,0.0,6892.477095,9877.093693,-2984.616598,3,4,3,6,0
422,422,9,9,0,0.0,33267.701505,2,8299.625911,5,7363.521581,0.887211,0.0,17604.554013,-17604.554013,0,4,4,8,0
423,423,8,8,0,0.0,39098.92538,0,0.0,0,0.0,0.0,8185.500641,15601.344497,-7415.843856,3,5,3,7,0
424,424,5,5,0,0.0,18097.278739,0,0.0,0,0.0,0.0,0.0,3836.944287,-3836.944287,4,2,2,4,0
425,425,9,8,1,0.111111,37694.718807,3,11815.484789,0,0.0,0.0,8667.687394,9126.775258,-459.087864,2,5,4,9,1
426,426,7,6,1,0.142857,24283.12774,2,9063.192075,0,0.0,0.0,0.0,5325.684109,-5325.684109,2,4,3,7,1
427,427,5,5,0,0.0,31967.116946,1,7776.818077,1,4634.182999,0.595897,11410.617994,0.0,11410.617994,1,3,3,5,0
428,428,8,8,0,0.0,33123.171301,0,0.0,0,0.0,0.0,9882.015289,8735.025423,1146.989866,5,4,3,8,0
429,429,6,6,0,0.0,34048.223463,3,19328.596765,0,0.0,0.0,0.0,813.984437,-813.984437,2,4,2,6,0
430,430,4,4,0,0.0,21856.982359,1,9663.381987,1,2930.520936,0.30326,3267.53435,5995.545086,-2728.010736,0,3,3,4,0
431,431,4,4,0,0.0,30867.702231,0,0.0,0,0.0,0.0,0.0,0.0,0.0,4,3,1,4,0
432,432,8,8,0,0.0,43072.052231,0,0.0,0,0.0,0.0,4748.786316,12675.071671,-7926.285355,5,4,4,8,0
433,433,2,2,0,0.0,2472.802671,1,1848.786535,1,624.016136,0.337527,0.0,0.0,0.0,0,2,2,2,0
434,434,8,8,0,0.0,44070.954425,0,0.0,0,0.0,0.0,11804.127247,8451.210827,3352.91642,5,4,3,8,0
435,435,7,6,1,0.142857,24684.79377,1,5160.523619,4,8556.254694,1.0,0.0,0.0,0.0,2,4,3,7,0
436,436,5,5,0,0.0,25998.547267,0,0.0,0,0.0,0.0,18275.035566,0.0,18275.035566,2,3,4,5,0
437,437,6,6,0,0.0,27076.615078,1,6576.502299,2,5935.271878,0.902497,0.0,9162.489746,-9162.489746,2,4,2,6,0
438,438,6,6,0,0.0,23540.771633,1,5700.672837,0,0.0,0.0,9028.007737,0.0,9028.007737,2,4,2,5,1
439,439,10,10,0,0.0,28965.627875,1,737.653705,5,731.125932,0.991151,9971.194853,0.0,9971.194853,3,5,3,10,0
440,440,9,8,1,0.111111,35541.863119,1,7192.671955,5,7311.028922,1.0,0.0,0.0,0.0,3,4,3,9,0
441,441,6,6,0,0.0,13361.595898,1,6690.025401,5,6671.570497,0.997241,0.0,0.0,0.0,0,3,3,6,0
442,442,8,8,0,0.0,32561.734357,1,8673.413548,5,8124.503966,0.936714,15763.816843,0.0,15763.816843,0,5,4,8,0
443,443,8,8,0,0.0,57820.509355,0,0.0,0,0.0,0.0,0.0,23063.325363,-23063.325363,5,5,2,7,0
444,444,8,7,1,0.125,29019.301149,2,17444.732833,4,9540.073931,0.546874,0.0,0.0,0.0,2,4,3,8,0
445,445,7,6,1,0.142857,20216.387011,0,0.0,0,0.0,0.0,6451.062708,2410.972366,4040.090342,4,3,2,7,0
446,446,4,4,0,0.0,12489.37396,0,0.0,0,0.0,0.0,2825.283034,0.0,2825.283034,3,3,2,4,0
447,447,7,7,0,0.0,27193.99367,1,2045.425664,0,0.0,0.0,1731.881106,12455.402701,-10723.521595,3,4,3,7,0
448,448,9,9,0,0.0,22342.907191,1,6878.664406,7,6876.99448,0.999757,0.0,0.0,0.0,1,4,4,9,0
449,449,11,11,0,0.0,62955.28857,1,9873.449316,1,1197.687865,0.121304,18475.818422,0.0,18475.818422,6,4,4,11,0
450,450,9,8,1,0.111111,41376.570062,1,3276.720796,2,5381.624006,1.0,0.0,1029.533632,-1029.533632,5,5,3,9,0
451,451,2,2,0,0.0,16848.299417,0,0.0,0,0.0,0.0,0.0,8233.698813,-8233.698813,1,1,1,2,0
452,452,6,6,0,0.0,24883.220626,1,4880.174844,3,3715.836719,0.761415,0.0,0.0,0.0,2,4,2,6,0
453,453,3,3,0,0.0,6846.47136,1,1531.059524,1,427.704472,0.279352,0.0,0.0,0.0,1,3,2,3,0
454,454,8,7,1,0.125,7036.251184,1,618.363484,5,638.205982,1.0,5779.681718,0.0,5779.681718,0,4,4,8,0
455,455,11,11,0,0.0,41057.757902,1,1014.840584,3,891.692703,0.878653,0.0,17824.820256,-17824.820256,5,5,3,10,0
456,456,5,5,0,0.0,25901.807716,0,0.0,0,0.0,0.0,2063.804151,17140.288307,-15076.484156,1,3,2,5,0
457,457,7,7,0,0.0,20884.126993,1,5923.570633,1,5402.008111,0.911951,4296.039031,0.0,4296.039031,3,3,4,7,1
458,458,7,7,0,0.0,24324.274803,1,837.679095,2,298.215429,0.356002,4212.985504,0.0,4212.985504,3,3,4,7,0
459,459,4,4,0,0.0,5397.751536,1,457.307765,2,427.450114,0.93471,0.0,0.0,0.0,1,3,3,4,0
460,460,7,7,0,0.0,12695.690823,1,3232.713781,2,1567.299973,0.484825,1013.830071,0.0,1013.830071,3,5,3,7,0
461,461,4,4,0,0.0,28486.732538,0,0.0,0,0.0,0.0,0.0,9075.73337,-9075.73337,3,3,2,4,0
462,462,5,5,0,0.0,23956.350684,0,0.0,0,0.0,0.0,814.712655,9280.797228,-8466.084573,2,4,2,4,0
463,463,6,6,0,0.0,23909.581743,1,6337.361501,1,2968.480382,0.46841,2333.317849,0.0,2333.317849,3,4,3,6,0
464,464,5,5,0,0.0,21171.596011,3,12853.996498,0,0.0,0.0,7621.892803,0.0,7621.892803,1,3,4,5,0
465,465,7,7,0,0.0,32573.913644,0,0.0,0,0.0,0.0,10692.961348,7993.065332,2699.896016,3,4,3,7,0
466,466,9,8,1,0.111111,53987.707565,0,0.0,0,0.0,0.0,2411.515454,18081.816215,-15670.300761,5,5,4,9,0
467,467,2,2,0,0.0,11175.103097,0,0.0,0,0.0,0.0,0.0,9287.206877,-9287.206877,1,2,1,2,0
468,468,12,12,0,0.0,53420.217924,1,7006.575492,3,6749.068843,0.963248,0.0,8920.447322,-8920.447322,7,5,4,12,0
469,469,4,3,1,0.25,11872.615937,2,8154.430279,1,2383.011587,0.292235,0.0,1335.174071,-1335.174071,0,2,3,4,0
470,470,4,4,0,0.0,17063.045064,1,3533.723396,1,2697.71338,0.76342,0.0,0.0,0.0,2,4,3,4,0
471,471,5,4,1,0.2,15239.383412,1,4170.188058,0,0.0,0.0,4714.530037,3821.833731,892.696306,1,4,4,5,0
472,472,13,12,1,0.076923,38510.760761,3,15188.057086,7,5507.742804,0.362636,1989.384062,0.0,1989.384062,1,5,4,13,1
473,473,5,4,1,0.2,17240.931418,0,0.0,0,0.0,0.0,7969.568033,1920.78081,6048.787223,3,4,3,4,0
474,474,8,8,0,0.0,45187.338685,1,7402.521114,0,0.0,0.0,6981.264566,1596.116146,5385.14842,4,5,4,8,0
475,475,2,2,0,0.0,1413.825951,1,1263.002541,1,150.82341,0.119417,0.0,0.0,0.0,0,2,1,2,0
476,476,4,4,0,0.0,20324.443247,1,3839.951301,0,0.0,0.0,8119.610468,8364.881478,-245.27101,0,3,4,4,0
477,477,6,5,1,0.166667,25260.287435,1,6774.277135,3,8287.316978,1.0,0.0,5557.09098,-5557.09098,1,4,3,6,0
478,478,8,8,0,0.0,22368.202909,2,4657.64416,3,2511.416646,0.539203,7402.065036,0.0,7402.065036,2,4,3,7,0
479,479,5,5,0,0.0,27117.452259,3,18571.945409,0,0.0,0.0,5628.269956,0.0,5628.269956,1,2,3,5,0
480,480,9,9,0,0.0,53393.72252,0,0.0,0,0.0,0.0,9531.318652,7685.658928,1845.659724,6,4,4,9,0
481,481,10,9,1,0.1,23014.26239,1,9158.553813,7,9480.346256,1.0,1433.245634,0.0,1433.245634,1,4,4,10,0
482,482,5,5,0,0.0,29248.003562,0,0.0,0,0.0,0.0,108.014431,0.0,108.014431,4,3,2,5,0
483,483,4,4,0,0.0,26130.040735,1,9817.41781,1,5829.794068,0.593822,0.0,907.385919,-907.385919,1,3,3,4,0
484,484,5,4,1,0.2,8959.573729,1,2556.912353,3,2474.264718,0.967677,0.0,0.0,0.0,1,2,3,5,0
485,485,10,10,0,0.0,38530.327573,1,6202.571257,3,4626.270459,0.745863,337.393374,0.0,337.393374,5,5,2,10,0
486,486,9,8,1,0.111111,50715.199779,5,27566.234493,1,1110.573604,0.040287,0.0,0.0,0.0,1,5,4,9,2
487,487,10,9,1,0.1,23058.353982,1,4541.643042,6,4660.161707,1.0,9132.356742,0.0,9132.356742,2,5,4,10,0
488,488,2,2,0,0.0,2004.258628,1,1143.774912,1,860.483716,0.752319,0.0,0.0,0.0,0,2,2,2,0
489,489,15,15,0,0.0,74435.578249,1,8717.234845,3,8693.630582,0.997292,18617.465227,8587.944057,10029.52117,6,5,4,14,1
490,490,11,10,1,0.090909,4853.19849,1,2426.598379,10,2426.600111,1.0,0.0,0.0,0.0,0,4,4,10,0
491,491,6,6,0,0.0,34657.606518,0,0.0,0,0.0,0.0,14887.669662,4097.578763,10790.090899,3,4,2,6,0
492,492,6,6,0,0.0,22517.718419,3,14446.610072,0,0.0,0.0,0.0,259.125994,-259.125994,1,3,3,6,1
493,493,5,5,0,0.0,23202.118939,0,0.0,0,0.0,0.0,13982.617095,0.0,13982.617095,2,4,2,5,0
494,494,6,6,0,0.0,26034.891824,2,11897.20761,3,9753.585783,0.819821,0.0,0.0,0.0,1,4,3,6,0
495,495,8,8,0,0.0,51017.705638,1,9914.707307,1,9544.046133,0.962615,5306.999646,7902.360416,-2595.36077,2,4,3,7,1
496,496,2,2,0,0.0,12049.579364,0,0.0,0,0.0,0.0,6353.647383,0.0,6353.647383,1,2,2,2,0
497,497,10,10,0,0.0,62061.225144,1,3552.049792,0,0.0,0.0,8243.123056,18580.886902,-10337.763846,6,5,3,10,0
498,498,7,7,0,0.0,27353.21243,3,13729.708111,0,0.0,0.0,0.0,1806.22178,-1806.22178,1,4,4,7,2
499,499,5,4,1,0.2,16230.998501,0,0.0,0,0.0,0.0,5937.535748,6676.985839,-739.450091,2,3,2,5,0
500,500,7,7,0,0.0,14416.613506,1,5008.30048,5,4987.125974,0.995772,0.0,0.0,0.0,1,4,4,7,0
501,501,11,11,0,0.0,65191.803369,4,24771.482185,0,0.0,0.0,8416.734848,0.0,8416.734848,3,4,4,10,2
502,502,8,8,0,0.0,32151.204376,1,926.724498,0,0.0,0.0,1297.278559,14700.243887,-13402.965328,3,5,4,8,0
503,503,5,5,0,0.0,36595.236778,0,0.0,0,0.0,0.0,0.0,4896.294313,-4896.294313,4,4,3,5,0
504,504,6,6,0,0.0,31591.354802,1,3319.198772,1,884.641096,0.266522,9915.981172,7043.606785,2872.374387,2,4,2,6,0
505,505,12,12,0,0.0,57370.440293,1,7381.587647,1,2311.618296,0.31316,6372.967284,26805.654145,-20432.686861,3,5,3,11,0
506,506,11,10,1,0.090909,15893.748711,3,10602.08555,7,4371.165601,0.412293,0.0,0.0,0.0,1,5,4,10,0
507,507,6,6,0,0.0,26468.045131,1,8982.559155,0,0.0,0.0,10359.887589,5547.490032,4812.397557,1,4,3,6,0
508,508,9,9,0,0.0,24409.275901,0,0.0,0,0.0,0.0,1908.38989,1737.865559,170.524331,6,4,3,8,0
509,509,5,5,0,0.0,13282.059594,2,8576.518363,3,4705.541231,0.548654,0.0,0.0,0.0,0,3,3,5,0
510,510,2,2,0,0.0,16319.874117,0,0.0,0,0.0,0.0,0.0,16319.874117,-16319.874117,0,2,2,2,0
511,511,12,11,1,0.083333,15947.367677,2,4698.680842,8,1279.8601,0.272387,1412.154671,0.0,1412.154671,1,5,4,11,0
512,512,7,7,0,0.0,21272.249568,1,9835.713805,3,9091.360762,0.924321,0.0,493.680463,-493.680463,2,4,4,7,0
513,513,5,4,1,0.2,29252.105101,2,12547.060747,0,0.0,0.0,0.0,3074.500048,-3074.500048,0,2,3,5,2
514,514,8,8,0,0.0,24743.070428,3,8481.973384,1,1544.724528,0.182119,7791.055781,0.0,7791.055781,1,5,4,8,2
515,515,8,8,0,0.0,22071.901269,1,1490.401768,1,398.284326,0.267233,0.0,0.0,0.0,6,5,3,8,0
516,516,3,3,0,0.0,13918.507132,1,243.891959,0,0.0,0.0,6513.18993,0.0,6513.18993,1,2,1,3,0
517,517,6,6,0,0.0,31145.073292,0,0.0,0,0.0,0.0,6649.188436,4136.441769,2512.746667,4,3,3,6,0
518,518,7,7,0,0.0,29171.672593,1,2671.588934,2,2339.251691,0.875603,8476.839393,0.0,8476.839393,2,3,3,7,1
519,519,6,6,0,0.0,32643.203106,0,0.0,0,0.0,0.0,13367.679852,0.0,13367.679852,2,3,3,6,0
520,520,3,3,0,0.0,6375.983404,0,0.0,0,0.0,0.0,0.0,6045.817217,-6045.817217,1,3,1,3,0
521,521,5,4,1,0.2,30352.552255,1,9633.611897,1,4653.142096,0.483011,0.0,0.0,0.0,3,4,3,5,0
522,522,7,7,0,0.0,34933.246355,0,0.0,0,0.0,0.0,9942.662266,9521.483523,421.178743,4,4,3,7,0
523,523,6,6,0,0.0,29926.413592,0,0.0,0,0.0,0.0,0.0,0.0,0.0,6,4,1,6,0
524,524,11,11,0,0.0,21083.053257,1,8312.913208,8,8296.092174,0.997977,0.0,0.0,0.0,2,5,4,11,0
525,525,11,10,1,0.090909,54116.259712,0,0.0,0,0.0,0.0,20609.279808,0.0,20609.279808,6,4,3,11,0
526,526,4,4,0,0.0,16265.114726,0,0.0,0,0.0,0.0,0.0,8217.142941,-8217.142941,3,3,3,4,0
527,527,5,5,0,0.0,32256.787496,0,0.0,0,0.0,0.0,0.0,2795.752869,-2795.752869,4,4,3,5,0
528,528,8,8,0,0.0,44499.247379,0,0.0,0,0.0,0.0,9753.784963,9547.008579,206.776384,5,5,4,8,0
529,529,5,5,0,0.0,30403.047558,1,9649.086117,1,3174.964283,0.329043,0.0,0.0,0.0,3,3,3,5,0
530,530,6,6,0,0.0,20659.174934,1,1163.281329,2,1028.71099,0.884318,12511.383289,0.0,12511.383289,1,5,3,6,0
531,531,5,5,0,0.0,21528.668365,1,5502.33602,2,4250.175359,0.772431,5076.007596,0.0,5076.007596,1,2,3,5,0
532,532,5,5,0,0.0,23815.994896,0,0.0,0,0.0,0.0,0.0,16158.526177,-16158.526177,2,4,4,5,0
533,533,9,9,0,0.0,58579.95365,1,4841.137671,0,0.0,0.0,7571.547263,17016.187356,-9444.640093,5,5,4,9,0
534,534,7,6,1,0.142857,30024.438325,0,0.0,0,0.0,0.0,0.0,3631.370937,-3631.370937,5,4,2,7,0
535,535,5,5,0,0.0,22583.094749,1,6851.749887,2,6424.926841,0.937706,0.0,1369.837578,-1369.837578,1,3,2,4,0
536,536,6,6,0,0.0,27390.979212,1,6418.13368,1,2442.396264,0.380546,4873.37973,0.0,4873.37973,3,3,2,6,0
537,537,7,7,0,0.0,38402.411899,0,0.0,0,0.0,0.0,7705.946756,4393.763547,3312.183209,5,4,4,7,0
538,538,9,9,0,0.0,31174.804913,1,6883.953636,2,5713.183938,0.829928,10332.057847,1459.126558,8872.931289,2,4,4,9,1
539,539,12,12,0,0.0,55813.472416,0,0.0,0,0.0,0.0,4744.34633,4037.181694,707.164636,9,5,4,11,0
540,540,4,4,0,0.0,9968.252626,1,262.519991,1,221.536534,0.843884,0.0,1481.578594,-1481.578594,1,3,3,4,0
541,541,2,2,0,0.0,7418.964968,2,7418.964968,0,0.0,0.0,0.0,0.0,0.0,0,1,2,2,0
542,542,9,9,0,0.0,30592.822845,1,2414.099827,5,2413.330214,0.999681,8889.039048,0.0,8889.039048,2,5,4,9,0
543,543,3,3,0,0.0,19815.883252,1,8308.174805,1,7367.748354,0.886807,0.0,0.0,0.0,1,2,1,3,0
544,544,8,8,0,0.0,47786.301438,0,0.0,0,0.0,0.0,6997.712686,803.214244,6194.498442,6,4,4,8,0
545,545,8,8,0,0.0,33843.644911,1,9339.475344,4,9339.464817,0.999999,0.0,7100.492765,-7100.492765,1,4,4,8,0
546,546,7,7,0,0.0,40346.197872,1,6204.725172,2,5247.674714,0.845755,22115.470694,0.0,22115.470694,1,5,3,7,0
547,547,9,9,0,0.0,46429.921109,3,16734.966832,1,1220.241175,0.072916,0.0,8375.81172,-8375.81172,3,4,4,8,1
548,548,5,5,0,0.0,18661.560063,0,0.0,0,0.0,0.0,0.0,2841.236577,-2841.236577,4,4,4,5,0
549,549,4,4,0,0.0,21245.088106,0,0.0,0,0.0,0.0,6595.984378,5377.135594,1218.848784,2,3,2,4,0
550,550,5,5,0,0.0,24947.744954,0,0.0,0,0.0,0.0,9902.241743,8071.187827,1831.053916,2,4,3,5,0
551,551,4,4,0,0.0,11988.320664,2,5608.330834,1,855.991656,0.152629,0.0,5523.998174,-5523.998174,0,3,2,4,0
552,552,7,7,0,0.0,33634.465681,1,8831.667862,1,2136.570351,0.241922,3379.44725,11239.837774,-7860.390524,2,3,3,7,0
553,553,5,5,0,0.0,16414.630972,0,0.0,0,0.0,0.0,4933.089074,0.0,4933.089074,4,3,2,5,0
554,554,5,5,0,0.0,19886.147942,1,4408.270701,1,1823.37534,0.413626,0.0,6569.837289,-6569.837289,2,4,4,5,0
555,555,6,6,0,0.0,32099.786506,0,0.0,0,0.0,0.0,8154.815784,0.0,8154.815784,4,5,3,6,0
556,556,5,4,1,0.2,31534.466455,0,0.0,0,0.0,0.0,0.0,0.0,0.0,5,4,3,5,0
557,557,6,6,0,0.0,26207.465852,0,0.0,0,0.0,0.0,5770.260265,16278.44243,-10508.182165,2,4,3,6,0
558,558,6,4,2,0.333333,19076.221372,0,0.0,0,0.0,0.0,906.598492,11049.364063,-10142.765571,2,5,3,6,0
559,559,4,4,0,0.0,34185.095396,0,0.0,0,0.0,0.0,16023.457437,9676.421739,6347.035698,1,3,2,4,0
560,560,5,5,0,0.0,31662.045105,0,0.0,0,0.0,0.0,0.0,24059.988192,-24059.988192,1,4,2,4,0
561,561,7,7,0,0.0,25263.333447,1,1643.208658,1,1292.012248,0.786274,8448.75126,3760.192785,4688.558475,2,4,4,7,1
562,562,6,5,1,0.166667,24745.417681,2,10486.409978,2,4718.974488,0.450009,4713.169447,0.0,4713.169447,1,3,4,6,0
563,563,7,7,0,0.0,35305.766614,0,0.0,0,0.0,0.0,4073.704537,193.229885,3880.474652,5,5,3,7,0
564,564,9,9,0,0.0,46953.598625,4,24749.329769,2,10449.250558,0.422203,2318.57309,0.0,2318.57309,1,5,4,9,1
565,565,6,6,0,0.0,36120.574922,0,0.0,0,0.0,0.0,8380.316698,0.0,8380.316698,5,4,2,6,0
566,566,5,5,0,0.0,17213.699649,0,0.0,0,0.0,0.0,4256.382137,2165.889098,2090.493039,2,3,2,5,0
567,567,9,8,1,0.111111,43166.094263,1,1831.076323,0,0.0,0.0,10747.295914,10028.823369,718.472545,4,4,4,7,0
568,568,6,6,0,0.0,9340.279178,1,2712.047221,4,2711.34009,0.999739,3916.891867,0.0,3916.891867,0,4,2,6,0
569,569,4,4,0,0.0,12379.986464,1,3122.803479,1,1063.302457,0.340496,0.0,0.0,0.0,2,3,2,4,0
570,570,5,5,0,0.0,9019.243619,1,2287.389333,2,1295.990446,0.566581,0.0,0.0,0.0,2,4,3,5,0
571,571,3,3,0,0.0,10843.469561,1,2477.066647,1,693.358732,0.279911,0.0,0.0,0.0,1,3,2,3,0
572,572,9,9,0,0.0,16990.576834,1,3529.026516,6,3528.606144,0.999881,818.438514,0.0,818.438514,1,4,3,9,0
573,573,5,5,0,0.0,17020.855441,0,0.0,0,0.0,0.0,2581.542613,0.0,2581.542613,4,3,2,5,0
574,574,5,5,0,0.0,35860.025034,2,14665.981747,1,6236.461976,0.425233,0.0,0.0,0.0,1,2,3,5,1
575,575,11,10,1,0.090909,31747.692287,1,4597.995519,4,4500.397321,0.978774,8672.227918,0.0,8672.227918,3,4,4,11,1
576,576,8,7,1,0.125,24214.238225,2,4649.130255,4,7323.506091,1.0,0.0,6562.054042,-6562.054042,1,4,3,8,0
577,577,5,5,0,0.0,12397.997352,1,4380.007177,3,4123.180089,0.941364,3894.810086,0.0,3894.810086,0,3,4,5,0
578,578,5,5,0,0.0,25169.782991,0,0.0,0,0.0,0.0,5330.578021,3353.963436,1976.614585,3,2,2,5,0
579,579,6,6,0,0.0,20378.730187,1,5364.448128,3,5293.581397,0.98679,9286.074003,0.0,9286.074003,1,3,2,6,0
580,580,4,4,0,0.0,15435.269791,2,8617.081855,1,3308.319957,0.383926,0.0,3509.867979,-3509.867979,0,2,3,3,0
581,581,6,6,0,0.0,34183.877034,1,5179.620547,0,0.0,0.0,0.0,18539.784388,-18539.784388,2,4,2,6,0
582,582,9,9,0,0.0,1434.846265,1,717.76256,8,717.083705,0.999054,0.0,0.0,0.0,0,5,4,9,0
583,583,5,5,0,0.0,14039.533269,0,0.0,0,0.0,0.0,3063.729535,1896.299845,1167.42969,2,4,3,5,0
584,584,5,5,0,0.0,25291.337825,1,9271.915019,1,1556.268891,0.167848,0.0,0.0,0.0,3,4,3,4,0
585,585,8,8,0,0.0,45025.926623,0,0.0,0,0.0,0.0,8422.714335,22370.010634,-13947.296299,3,5,4,7,0
586,586,6,6,0,0.0,14280.24295,1,7166.304648,5,7113.938302,0.992693,0.0,0.0,0.0,0,4,3,6,0
587,587,3,3,0,0.0,14995.921392,0,0.0,0,0.0,0.0,5035.200862,0.0,5035.200862,1,2,3,3,0
588,588,8,7,1,0.125,34111.951752,2,6477.025979,2,4131.809496,0.637918,7673.481698,6753.961447,919.520251,1,3,3,8,1
589,589,10,9,1,0.1,32681.170958,2,13511.573822,5,9707.834479,0.718483,0.0,254.769173,-254.769173,2,5,4,10,0
590,590,6,6,0,0.0,27934.162635,0,0.0,0,0.0,0.0,0.0,7553.450485,-7553.450485,4,3,2,6,0
591,591,6,6,0,0.0,24262.748848,1,4655.199481,0,0.0,0.0,0.0,3762.013597,-3762.013597,3,3,3,6,1
592,592,11,11,0,0.0,20579.376501,1,1720.88573,5,1717.35351,0.997947,4144.179351,0.0,4144.179351,3,5,4,11,0
593,593,6,6,0,0.0,24553.93805,1,6601.140531,1,4101.071229,0.621267,4550.595533,9301.130757,-4750.535224,0,3,4,5,0
594,594,9,9,0,0.0,12691.870208,1,3066.552041,3,3021.882896,0.985433,0.0,3324.934529,-3324.934529,2,3,4,9,1
595,595,7,7,0,0.0,44214.675959,0,0.0,0,0.0,0.0,13246.311493,9188.100705,4058.210788,3,4,3,7,0
596,596,9,9,0,0.0,42774.901346,0,0.0,0,0.0,0.0,17173.533092,9482.650214,7690.882878,4,4,2,9,0
597,597,4,4,0,0.0,27677.431606,0,0.0,0,0.0,0.0,0.0,0.0,0.0,3,3,2,4,0
598,598,4,4,0,0.0,12730.154964,0,0.0,0,0.0,0.0,3093.657401,0.0,3093.657401,3,4,2,4,0
599,599,7,6,1,0.142857,43274.087869,2,16620.093153,0,0.0,0.0,2786.828225,0.0,2786.828225,4,4,2,7,0
600,600,7,7,0,0.0,27726.807203,1,9535.577681,4,9356.321921,0.981201,0.0,0.0,0.0,2,4,3,7,0
601,601,3,2,1,0.333333,9231.721103,1,3323.068457,0,0.0,0.0,0.0,0.0,0.0,2,2,2,2,0
602,602,8,8,0,0.0,36427.387469,0,0.0,0,0.0,0.0,491.759905,3697.118566,-3205.358661,6,5,2,8,0
603,603,8,8,0,0.0,9482.927915,1,4745.308867,7,4737.619048,0.998379,0.0,0.0,0.0,0,5,4,8,0
604,604,6,6,0,0.0,34105.708384,0,0.0,0,0.0,0.0,0.0,0.0,0.0,6,5,2,6,0
605,605,9,9,0,0.0,54007.414882,0,0.0,0,0.0,0.0,4876.947184,8921.180607,-4044.233423,6,5,4,9,0
606,606,7,6,1,0.142857,26534.774192,1,6668.774739,3,3129.002584,0.469202,0.0,3031.844073,-3031.844073,2,5,4,7,0
607,607,3,3,0,0.0,10121.779504,0,0.0,0,0.0,0.0,1723.190133,0.0,1723.190133,2,2,1,3,0
608,608,6,6,0,0.0,41226.526576,0,0.0,0,0.0,0.0,8416.520429,0.0,8416.520429,5,3,3,6,0
609,609,6,6,0,0.0,24789.399258,2,11826.735616,1,4079.285488,0.344921,0.0,0.0,0.0,3,3,3,6,0
610,610,1,1,0,0.0,2333.965218,0,0.0,0,0.0,0.0,0.0,0.0,0.0,1,1,1,1,0
611,611,6,6,0,0.0,39128.480627,1,7484.043893,1,3228.196741,0.431344,16067.744572,0.0,16067.744572,1,4,1,6,1
612,612,8,8,0,0.0,44607.394002,0,0.0,0,0.0,0.0,1834.583871,2930.218335,-1095.634464,6,4,4,8,0
613,613,5,5,0,0.0,20306.028262,1,3055.525927,2,3045.688032,0.99678,8697.104116,0.0,8697.104116,1,4,3,5,0
614,614,6,6,0,0.0,31596.448304,0,0.0,0,0.0,0.0,9921.36402,2526.882131,7394.481889,3,3,2,6,0
615,615,5,5,0,0.0,10937.254578,1,5469.464667,4,5467.789911,0.999694,0.0,0.0,0.0,0,3,4,5,0
616,616,4,4,0,0.0,19296.654462,0,0.0,0,0.0,0.0,7673.377107,6497.576067,1175.80104,2,3,2,4,0
617,617,7,7,0,0.0,32854.449,3,14092.17239,1,5676.471521,0.40281,1176.139129,0.0,1176.139129,2,5,3,7,0
618,618,4,4,0,0.0,12768.491846,0,0.0,0,0.0,0.0,6583.795048,1550.288264,5033.506784,2,3,3,4,0
619,619,7,7,0,0.0,30202.699286,0,0.0,0,0.0,0.0,3838.515424,1876.079301,1962.436123,5,4,1,6,0
620,620,7,7,0,0.0,38335.728927,0,0.0,0,0.0,0.0,10540.24974,0.0,10540.24974,5,4,3,7,0
621,621,10,9,1,0.1,29898.330328,2,10518.445168,3,2056.041018,0.19547,6476.234839,4539.762453,1936.472386,3,5,3,10,0
622,622,8,7,1,0.125,49582.008276,0,0.0,0,0.0,0.0,6505.393982,9378.894678,-2873.500696,5,4,3,8,0
623,623,6,6,0,0.0,3247.011847,1,1624.518979,5,1622.492868,0.998753,0.0,0.0,0.0,0,3,3,6,0
624,624,4,4,0,0.0,13543.261772,2,11991.365505,0,0.0,0.0,0.0,0.0,0.0,2,4,1,4,0
625,625,8,8,0,0.0,28512.022191,0,0.0,0,0.0,0.0,6022.666977,0.0,6022.666977,6,4,4,8,0
626,626,5,5,0,0.0,27259.549269,0,0.0,0,0.0,0.0,9404.905795,5735.642891,3669.262904,2,4,3,5,0
627,627,3,3,0,0.0,16031.9772,1,7554.51681,1,2126.081489,0.281432,6351.378901,0.0,6351.378901,0,3,2,3,0
628,628,5,4,1,0.2,32584.334212,1,6594.629246,0,0.0,0.0,0.0,11040.360252,-11040.360252,1,3,3,5,1
629,629,7,7,0,0.0,27664.246502,0,0.0,0,0.0,0.0,1468.450015,429.157077,1039.292938,5,4,3,7,0
630,630,10,10,0,0.0,41448.630464,1,7537.949576,4,7358.169763,0.97615,9268.25582,0.0,9268.25582,3,4,3,8,0
631,631,6,5,1,0.166667,19701.526745,2,3780.027913,1,2800.041659,0.740746,9765.34189,0.0,9765.34189,1,3,4,6,0
632,632,5,5,0,0.0,9854.56611,3,5366.233137,1,3353.863684,0.624994,0.0,0.0,0.0,1,3,3,5,0
633,633,5,5,0,0.0,29153.684496,0,0.0,0,0.0,0.0,0.0,9280.139881,-9280.139881,4,4,2,5,0
634,634,12,10,2,0.166667,57551.841817,5,28765.863699,0,0.0,0.0,12538.670505,1621.540654,10917.129851,2,4,4,11,1
635,635,4,4,0,0.0,11135.471908,0,0.0,0,0.0,0.0,6496.093881,0.0,6496.093881,2,4,2,4,0
636,636,1,1,0,0.0,8722.249979,0,0.0,0,0.0,0.0,0.0,0.0,0.0,1,1,1,1,0
637,637,1,1,0,0.0,7362.200475,0,0.0,0,0.0,0.0,7362.200475,0.0,7362.200475,0,1,1,1,0
638,638,3,3,0,0.0,13277.511077,0,0.0,0,0.0,0.0,6774.617151,0.0,6774.617151,2,2,1,3,0
639,639,7,7,0,0.0,47666.564349,1,5992.825645,0,0.0,0.0,0.0,8270.382337,-8270.382337,5,5,4,7,0
640,640,4,4,0,0.0,15660.658426,1,3096.833642,1,442.773074,0.142976,0.0,9466.991142,-9466.991142,0,3,2,4,1
641,641,5,5,0,0.0,23996.45403,1,5808.047933,0,0.0,0.0,0.0,6771.183714,-6771.183714,2,4,2,5,0
642,642,5,5,0,0.0,14691.868666,1,193.889289,2,190.654654,0.983317,0.0,0.0,0.0,2,4,2,5,0
643,643,3,3,0,0.0,6237.727082,0,0.0,0,0.0,0.0,0.0,4073.738504,-4073.738504,1,3,2,3,0
644,644,13,13,0,0.0,86168.234907,1,727.301161,0,0.0,0.0,14893.449723,27931.801649,-13038.351926,5,4,4,12,0
645,645,9,9,0,0.0,42077.229753,0,0.0,0,0.0,0.0,8926.78054,11229.237918,-2302.457378,6,5,4,8,0
646,646,5,5,0,0.0,23685.150092,1,8676.357655,3,8566.089683,0.987291,6442.702754,0.0,6442.702754,0,3,3,5,0
647,647,7,7,0,0.0,26267.533751,1,644.174835,0,0.0,0.0,2221.673969,7482.628851,-5260.954882,3,4,3,7,0
648,648,10,10,0,0.0,12679.686383,1,3409.909702,5,3303.191258,0.968703,0.0,4385.074191,-4385.074191,3,5,3,10,0
649,649,5,5,0,0.0,32654.845641,0,0.0,0,0.0,0.0,0.0,14870.949794,-14870.949794,2,3,2,5,0
650,650,8,8,0,0.0,8932.373112,1,4474.790902,7,4457.58221,0.996154,0.0,0.0,0.0,0,5,4,8,0
651,651,4,4,0,0.0,19509.938125,0,0.0,0,0.0,0.0,6144.119011,4994.222154,1149.896857,1,3,2,4,0
652,652,6,6,0,0.0,27433.978574,3,14897.066834,1,4699.721957,0.31548,0.0,6400.821709,-6400.821709,0,5,3,5,1
653,653,3,3,0,0.0,10557.573986,0,0.0,0,0.0,0.0,10270.172,0.0,10270.172,1,2,3,3,0
654,654,4,3,1,0.25,22933.021106,1,3549.518158,0,0.0,0.0,0.0,9272.718264,-9272.718264,2,3,2,4,0
655,655,8,8,0,0.0,33319.219914,3,10916.50753,2,2482.678831,0.227424,0.0,0.0,0.0,2,4,3,8,1
656,656,7,6,1,0.142857,20102.882049,1,1548.663366,4,1637.899712,1.0,0.0,0.0,0.0,2,4,3,6,0
657,657,6,6,0,0.0,37348.974244,1,4996.856463,0,0.0,0.0,15875.482549,0.0,15875.482549,3,5,3,6,0
658,658,3,2,1,0.333333,4658.360814,1,1036.376853,0,0.0,0.0,0.0,2865.554096,-2865.554096,1,2,2,3,0
659,659,7,7,0,0.0,37651.598408,0,0.0,0,0.0,0.0,5901.213834,11194.136238,-5292.922404,4,4,3,7,0
660,660,4,4,0,0.0,23307.301062,0,0.0,0,0.0,0.0,2911.104228,8932.903518,-6021.79929,2,3,2,4,0
661,661,11,11,0,0.0,64823.811107,1,8441.773553,0,0.0,0.0,21350.01142,15026.985086,6323.026334,4,4,4,11,1
662,662,8,8,0,0.0,41186.406695,1,8331.635289,3,5889.492943,0.706883,15799.016609,0.0,15799.016609,2,5,4,8,0
663,663,4,4,0,0.0,25031.326473,0,0.0,0,0.0,0.0,7026.463215,9538.234741,-2511.771526,1,4,2,4,0
664,664,9,6,3,0.333333,49619.910011,0,0.0,0,0.0,0.0,12537.255298,9821.643989,2715.611309,5,4,4,9,0
665,665,3,3,0,0.0,20666.444755,0,0.0,0,0.0,0.0,13438.33823,0.0,13438.33823,1,2,2,3,0
666,666,8,8,0,0.0,56865.927111,0,0.0,0,0.0,0.0,8876.214235,18760.806833,-9884.592598,5,5,2,8,0
667,667,5,5,0,0.0,16305.188875,1,6755.23454,3,6153.541192,0.910929,0.0,0.0,0.0,1,4,3,5,0
668,668,3,3,0,0.0,19440.645818,1,5969.61551,0,0.0,0.0,0.0,9428.422478,-9428.422478,1,3,3,3,0
669,669,4,4,0,0.0,11724.80119,1,1085.441881,0,0.0,0.0,10543.244197,0.0,10543.244197,1,3,3,4,0
670,670,9,9,0,0.0,38370.590655,1,5661.566346,4,5660.211477,0.999761,0.0,22132.733809,-22132.733809,1,4,4,9,0
671,671,1,1,0,0.0,597.625886,0,0.0,0,0.0,0.0,597.625886,0.0,597.625886,0,1,1,1,0
672,672,7,7,0,0.0,33315.909233,0,0.0,0,0.0,0.0,0.0,0.0,0.0,7,4,1,6,0
673,673,6,6,0,0.0,29521.199391,1,3652.479685,1,3208.437764,0.878427,9168.413137,6683.078261,2485.334876,1,3,3,6,1
674,674,3,3,0,0.0,13470.491796,1,9467.524697,1,1297.064732,0.137001,2705.902367,0.0,2705.902367,0,2,2,3,0
675,675,7,7,0,0.0,16152.264266,1,4062.309442,4,4032.438655,0.992647,3213.90527,0.0,3213.90527,1,4,3,7,0
676,676,6,5,1,0.166667,9949.500074,1,4768.214211,4,4029.294411,0.845032,0.0,0.0,0.0,1,5,3,6,0
677,677,5,5,0,0.0,22583.511498,0,0.0,0,0.0,0.0,1430.690305,8114.897454,-6684.207149,3,4,3,5,0
678,678,12,12,0,0.0,39524.04751,1,9413.927575,7,9413.790751,0.999985,6491.276575,0.0,6491.276575,2,4,4,12,0
679,679,4,3,1,0.25,15338.295882,1,398.838731,1,179.957751,0.451204,6400.913668,0.0,6400.913668,1,3,2,4,0
680,680,6,6,0,0.0,23779.500828,0,0.0,0,0.0,0.0,571.001756,17081.5379,-16510.536144,2,3,4,6,0
681,681,6,6,0,0.0,28446.887623,2,12592.634754,1,2166.212895,0.172022,3261.618115,0.0,3261.618115,0,4,3,6,2
682,682,6,5,1,0.166667,32758.814318,0,0.0,0,0.0,0.0,8497.697463,13381.398339,-4883.700876,2,4,2,6,0
683,683,7,6,1,0.142857,41456.54955,0,0.0,0,0.0,0.0,15773.899378,0.0,15773.899378,5,4,3,6,0
684,684,9,8,1,0.111111,44429.725974,1,1491.83118,0,0.0,0.0,4262.704351,15883.405066,-11620.700715,4,4,4,9,0
685,685,6,6,0,0.0,37557.542698,1,5550.747699,0,0.0,0.0,0.0,8769.471274,-8769.471274,3,3,1,6,1
686,686,5,5,0,0.0,19315.587324,0,0.0,0,0.0,0.0,0.0,22.21401,-22.21401,4,4,3,5,0
687,687,7,7,0,0.0,30451.991538,1,5634.931019,0,0.0,0.0,3743.264932,0.0,3743.264932,5,5,2,7,0
688,688,8,8,0,0.0,45186.638446,0,0.0,0,0.0,0.0,3576.089872,9586.517801,-6010.427929,6,5,4,8,0
689,689,9,9,0,0.0,49112.129397,0,0.0,0,0.0,0.0,10031.801489,9630.748112,401.053377,6,3,4,9,0
690,690,7,7,0,0.0,25779.739709,2,8089.206571,2,4887.616268,0.604215,0.0,0.0,0.0,2,4,4,7,1
691,691,4,4,0,0.0,9499.502165,1,1002.591374,1,672.770399,0.671032,4743.268947,0.0,4743.268947,1,4,2,3,0
692,692,5,5,0,0.0,25692.943115,0,0.0,0,0.0,0.0,7406.33854,7362.178163,44.160377,3,3,3,5,0
693,693,7,7,0,0.0,38816.667286,0,0.0,0,0.0,0.0,4144.24008,20013.726,-15869.48592,2,5,4,7,0
694,694,8,8,0,0.0,46366.453318,0,0.0,0,0.0,0.0,19621.596721,2305.52226,17316.074461,4,3,4,8,0
695,695,3,3,0,0.0,9916.257787,1,1249.283147,0,0.0,0.0,0.0,2610.900061,-2610.900061,1,3,3,3,0
696,696,10,10,0,0.0,46019.569296,1,3481.977545,0,0.0,0.0,1912.13919,9614.833612,-7702.694422,6,5,3,9,0
697,697,6,6,0,0.0,38969.691613,0,0.0,0,0.0,0.0,3199.985871,0.0,3199.985871,5,4,1,5,0
698,698,8,8,0,0.0,42015.78415,1,4293.70294,0,0.0,0.0,6914.359313,9500.143369,-2585.784056,4,5,4,7,0
699,699,5,5,0,0.0,25720.257687,0,0.0,0,0.0,0.0,7946.343372,0.0,7946.343372,3,3,2,5,0
700,700,2,2,0,0.0,10319.446454,0,0.0,0,0.0,0.0,0.0,0.0,0.0,2,2,1,2,0
701,701,5,5,0,0.0,35800.377334,0,0.0,0,0.0,0.0,18317.28289,0.0,18317.28289,2,3,3,5,0
702,702,6,6,0,0.0,23258.971957,1,1766.886036,1,719.318525,0.407111,4098.189915,2993.319319,1104.870596,2,4,2,6,0
703,703,4,3,1,0.25,22392.404807,0,0.0,0,0.0,0.0,11168.340256,0.0,11168.340256,2,3,3,4,0
704,704,3,3,0,0.0,5070.57184,0,0.0,0,0.0,0.0,0.0,0.0,0.0,3,2,1,3,0
705,705,8,8,0,0.0,9414.441819,1,4707.228609,7,4707.21321,0.999997,0.0,0.0,0.0,0,5,4,8,0
706,706,6,6,0,0.0,20224.812822,0,0.0,0,0.0,0.0,0.0,0.0,0.0,6,5,2,5,0
707,707,5,4,1,0.2,27398.229294,2,16523.146853,2,7051.70214,0.426777,0.0,0.0,0.0,1,3,3,5,0
708,708,6,6,0,0.0,14305.430937,0,0.0,0,0.0,0.0,974.129039,6657.840983,-5683.711944,3,3,3,6,0
709,709,7,7,0,0.0,35001.711923,4,16775.928128,1,6765.338362,0.403277,5295.575092,0.0,5295.575092,1,5,4,7,0
710,710,6,6,0,0.0,27857.089667,1,3944.445091,1,2538.020645,0.643442,9906.85077,5751.631037,4155.219733,2,4,2,6,0
711,711,5,5,0,0.0,23495.303405,1,7594.107718,2,6263.095731,0.824731,0.0,7990.211466,-7990.211466,1,3,2,5,0
712,712,6,6,0,0.0,20234.48481,1,6332.725203,4,6266.569477,0.989553,7635.19013,0.0,7635.19013,0,4,2,6,0
713,713,10,10,0,0.0,24193.609457,1,5839.066947,1,1135.030076,0.194386,3345.0902,0.0,3345.0902,6,5,4,10,0
714,714,13,13,0,0.0,71708.793709,1,5216.60669,1,4986.191994,0.955831,15038.829602,3983.452673,11055.376929,5,5,4,12,1
715,715,4,4,0,0.0,23581.619525,1,9342.26761,2,8569.288946,0.91726,0.0,0.0,0.0,1,3,2,4,0
716,716,6,6,0,0.0,22999.714658,0,0.0,0,0.0,0.0,6608.985241,0.0,6608.985241,4,3,2,6,0
717,717,12,12,0,0.0,80423.971234,3,21646.910551,0,0.0,0.0,9724.932766,3786.551521,5938.381245,5,5,4,12,2
718,718,8,8,0,0.0,45174.272342,1,3566.92328,1,542.599207,0.15212,6977.734946,14893.961959,-7916.227013,3,4,3,8,0
719,719,7,6,1,0.142857,50144.848325,4,20938.983113,1,8654.202664,0.413306,0.0,0.0,0.0,0,3,2,7,2
720,720,7,7,0,0.0,39887.864058,0,0.0,0,0.0,0.0,15161.188881,5738.703332,9422.485549,4,4,2,7,0
721,721,12,12,0,0.0,53877.603645,1,6035.710395,0,0.0,0.0,8082.279029,7733.252767,349.026262,5,5,4,12,0
722,722,4,4,0,0.0,16619.086441,1,6745.546198,0,0.0,0.0,0.0,0.0,0.0,3,3,1,4,0
723,723,3,3,0,0.0,19939.523794,1,5917.780433,0,0.0,0.0,5037.369124,0.0,5037.369124,1,2,2,3,0
724,724,8,8,0,0.0,28404.415048,2,11287.824772,3,9667.62433,0.856465,0.0,169.196628,-169.196628,1,4,4,8,1
725,725,6,6,0,0.0,22745.941964,1,2048.389798,0,0.0,0.0,11470.362115,4893.415891,6576.946224,2,4,4,6,0
726,726,9,9,0,0.0,38243.420117,1,4170.905237,0,0.0,0.0,6530.330576,10850.075062,-4319.744486,4,5,4,9,0
727,727,6,6,0,0.0,30797.903127,0,0.0,0,0.0,0.0,7296.181431,17941.766264,-10645.584833,1,3,3,6,0
728,728,14,14,0,0.0,35421.357471,3,15397.001602,10,13710.402292,0.890459,0.0,0.0,0.0,1,5,4,14,0
729,729,4,4,0,0.0,17936.708734,0,0.0,0,0.0,0.0,8340.247017,1220.054585,7120.192432,2,3,3,4,0
730,730,8,8,0,0.0,29814.46256,0,0.0,0,0.0,0.0,4722.378809,2673.009117,2049.369692,4,5,3,8,0
731,731,5,4,1,0.2,23573.685962,1,1953.27619,0,0.0,0.0,11668.672224,9951.737548,1716.934676,0,3,3,5,0
732,732,8,7,1,0.125,29191.634924,0,0.0,0,0.0,0.0,0.0,6735.563357,-6735.563357,7,5,3,8,0
733,733,3,3,0,0.0,16387.385259,1,2623.92181,0,0.0,0.0,0.0,7757.839386,-7757.839386,1,2,1,2,0
734,734,5,4,1,0.2,17214.829803,0,0.0,0,0.0,0.0,9178.76507,3257.180597,5921.584473,2,2,2,5,0
735,735,5,5,0,0.0,10203.623852,0,0.0,0,0.0,0.0,3554.474047,0.0,3554.474047,4,3,1,5,0
736,736,6,6,0,0.0,18843.601348,0,0.0,0,0.0,0.0,10886.114793,1745.971967,9140.142826,3,4,3,6,0
737,737,5,5,0,0.0,16612.866389,0,0.0,0,0.0,0.0,654.197873,5733.989039,-5079.791166,2,4,1,5,0
738,738,11,11,0,0.0,60700.104777,5,30117.417134,3,15197.662968,0.504614,6154.853868,0.0,6154.853868,0,5,4,11,2
739,739,13,13,0,0.0,45393.901354,4,17625.03375,4,14641.807659,0.830739,10738.461428,0.0,10738.461428,3,5,4,13,0
740,740,9,9,0,0.0,41075.967674,0,0.0,0,0.0,0.0,18829.691233,2504.884915,16324.806318,4,3,4,9,0
741,741,2,2,0,0.0,4013.888654,1,721.49861,0,0.0,0.0,0.0,3292.390044,-3292.390044,0,1,2,2,0
742,742,8,8,0,0.0,5046.692258,1,1206.751301,6,1195.880494,0.990992,0.0,2644.060463,-2644.060463,0,5,4,7,0
743,743,8,8,0,0.0,52605.162953,0,0.0,0,0.0,0.0,7723.279834,16832.883474,-9109.60364,5,4,3,8,0
744,744,6,6,0,0.0,20748.467013,1,3341.297785,0,0.0,0.0,840.802894,0.0,840.802894,4,4,2,6,0
745,745,5,5,0,0.0,10686.432872,1,1824.138153,2,1112.417073,0.609832,197.910294,7551.967352,-7354.057058,0,3,3,5,0
746,746,9,9,0,0.0,27392.870577,7,20014.338449,1,2846.932297,0.142245,0.0,0.0,0.0,0,5,4,9,1
747,747,7,7,0,0.0,37135.06259,1,6976.161444,3,6279.896538,0.900194,8226.258892,0.0,8226.258892,2,4,4,6,0
748,748,5,5,0,0.0,29659.72001,0,0.0,0,0.0,0.0,0.0,9272.592318,-9272.592318,3,3,3,5,0
749,749,5,4,1,0.2,30066.214124,0,0.0,0,0.0,0.0,15632.629512,0.0,15632.629512,3,4,2,5,0
750,750,8,7,1,0.125,37788.00716,4,25461.892634,0,0.0,0.0,0.0,2419.342489,-2419.342489,1,4,3,8,2
751,751,11,10,1,0.090909,80146.181561,0,0.0,0,0.0,0.0,27031.367951,0.0,27031.367951,7,5,3,10,0
752,752,9,9,0,0.0,37372.486175,1,4532.055251,1,2999.35048,0.661808,652.781233,6245.070564,-5592.289331,4,4,3,9,0
753,753,10,9,1,0.1,56885.388641,0,0.0,0,0.0,0.0,5892.614834,11172.830842,-5280.216008,7,4,2,10,0
754,754,5,5,0,0.0,14532.465169,1,4253.768573,2,1857.440002,0.436658,0.0,0.0,0.0,2,4,3,5,0
755,755,7,7,0,0.0,30145.650077,1,1758.122243,0,0.0,0.0,0.0,7654.090703,-7654.090703,3,5,3,7,1
756,756,2,2,0,0.0,5204.93821,0,0.0,0,0.0,0.0,0.0,0.0,0.0,2,2,1,2,0
757,757,10,10,0,0.0,59575.027662,0,0.0,0,0.0,0.0,14782.530417,29109.639237,-14327.10882,3,4,4,10,0
758,758,9,9,0,0.0,12220.853753,1,1202.896234,6,1196.760186,0.994899,0.0,0.0,0.0,2,5,3,9,0
759,759,11,11,0,0.0,62647.92951,1,8832.070756,2,5696.08328,0.644932,8318.21636,21415.241005,-13097.024645,3,5,4,11,0
760,760,6,6,0,0.0,24565.134604,1,549.200847,0,0.0,0.0,9339.802658,0.0,9339.802658,3,5,2,6,0
761,761,7,7,0,0.0,35523.948545,0,0.0,0,0.0,0.0,0.0,20677.916859,-20677.916859,3,4,3,7,0
762,762,9,9,0,0.0,40103.240644,1,7833.6353,2,3773.262187,0.481674,3360.548764,8209.946923,-4849.398159,4,4,3,9,0
763,763,6,6,0,0.0,29080.603372,0,0.0,0,0.0,0.0,12980.801983,1742.154876,11238.647107,3,4,3,6,0
764,764,5,4,1,0.2,22086.308328,2,12019.310046,1,5706.588596,0.474785,1515.325738,2845.083948,-1329.75821,0,4,4,5,0
765,765,10,10,0,0.0,43705.462889,1,3663.347898,0,0.0,0.0,12448.798134,4605.281595,7843.516539,6,4,4,9,0
766,766,6,6,0,0.0,20701.045135,0,0.0,0,0.0,0.0,4008.448848,11049.782031,-7041.333183,2,4,3,6,0
767,767,3,3,0,0.0,12746.155663,0,0.0,0,0.0,0.0,2892.698394,0.0,2892.698394,2,2,1,3,0
768,768,6,6,0,0.0,27380.699946,1,4500.615057,1,1416.563213,0.314749,4826.605902,0.0,4826.605902,3,4,2,5,0
769,769,3,3,0,0.0,8361.112296,0,0.0,0,0.0,0.0,0.0,0.0,0.0,3,2,2,3,0
770,770,8,7,1,0.125,36415.434927,2,12053.66701,2,8684.778082,0.720509,0.0,0.0,0.0,2,5,4,8,2
771,771,6,6,0,0.0,31439.655541,3,11501.038618,0,0.0,0.0,0.0,0.0,0.0,2,4,3,6,1
772,772,8,8,0,0.0,25436.44558,2,11586.165548,5,3916.598937,0.338041,9933.681095,0.0,9933.681095,0,4,3,7,0
773,773,8,8,0,0.0,25876.729576,1,158.269111,3,102.732798,0.649102,843.013639,0.0,843.013639,3,5,3,8,0
774,774,8,8,0,0.0,30959.134437,0,0.0,0,0.0,0.0,7247.224622,13478.620323,-6231.395701,3,4,3,8,0
775,775,12,12,0,0.0,23156.506527,1,3731.700175,6,3729.189759,0.999327,5700.981348,7499.329077,-1798.347729,3,4,4,12,0
776,776,11,11,0,0.0,54346.537967,5,22243.518959,2,8942.09958,0.402009,64.388655,0.0,64.388655,2,5,4,11,1
777,777,6,6,0,0.0,35161.535624,1,2825.148378,0,0.0,0.0,4291.81759,0.0,4291.81759,4,3,2,6,0
778,778,1,1,0,0.0,5557.074121,0,0.0,0,0.0,0.0,0.0,0.0,0.0,1,1,0,1,0
779,779,5,5,0,0.0,26913.64852,1,3761.69507,0,0.0,0.0,9142.111394,0.0,9142.111394,3,3,3,5,0
780,780,3,3,0,0.0,6406.777667,0,0.0,0,0.0,0.0,0.0,4429.009557,-4429.009557,2,3,1,3,0
781,781,8,8,0,0.0,24832.673676,1,5462.941626,4,4267.342545,0.781144,4276.570112,1864.906862,2411.66325,1,4,3,8,0
782,782,7,7,0,0.0,49015.482506,0,0.0,0,0.0,0.0,0.0,8174.213191,-8174.213191,6,3,3,7,0
783,783,6,6,0,0.0,43241.88608,0,0.0,0,0.0,0.0,16062.918542,7495.272811,8567.645731,3,4,4,6,0
784,784,3,3,0,0.0,19741.907379,0,0.0,0,0.0,0.0,0.0,0.0,0.0,3,3,1,3,0
785,785,8,8,0,0.0,48487.739939,1,8947.48551,3,8947.198399,0.999968,14704.708093,0.0,14704.708093,2,4,3,8,0
786,786,9,9,0,0.0,49877.50355,0,0.0,0,0.0,0.0,7868.454456,18099.053135,-10230.598679,4,5,4,9,0
787,787,1,1,0,0.0,7575.299446,0,0.0,0,0.0,0.0,0.0,0.0,0.0,1,1,0,1,0
788,788,1,1,0,0.0,8882.248233,0,0.0,0,0.0,0.0,8882.248233,0.0,8882.248233,0,1,1,1,0
789,789,4,4,0,0.0,21644.686254,2,11148.955811,2,10495.730443,0.941409,0.0,0.0,0.0,0,3,2,4,0
790,790,7,7,0,0.0,32642.049524,3,14101.633396,1,3300.666857,0.234063,0.0,0.0,0.0,2,3,3,6,1
791,791,7,7,0,0.0,43553.105984,0,0.0,0,0.0,0.0,416.512322,9051.98392,-8635.471598,5,4,1,7,0
792,792,7,6,1,0.142857,9904.878425,1,1098.875279,5,1255.923889,1.0,7550.079257,0.0,7550.079257,0,4,3,7,0
793,793,4,4,0,0.0,19400.074999,1,9930.336739,3,9469.73826,0.953617,0.0,0.0,0.0,0,2,3,4,0
794,794,5,5,0,0.0,21614.775151,0,0.0,0,0.0,0.0,2103.220868,5155.821655,-3052.600787,3,4,2,4,0
795,795,6,6,0,0.0,22713.034569,1,1652.149973,1,1127.92618,0.682702,0.0,0.0,0.0,4,4,2,6,0
796,796,10,9,1,0.1,44582.882148,4,20521.209531,0,0.0,0.0,9093.083843,0.0,9093.083843,2,5,4,10,1
797,797,7,7,0,0.0,15487.668032,1,524.816272,4,478.106738,0.910998,0.0,0.0,0.0,2,4,4,7,0
798,798,4,3,1,0.25,15666.294095,1,3330.366372,1,3008.129368,0.903243,0.0,0.0,0.0,1,3,3,4,1
799,799,6,6,0,0.0,3148.462631,1,927.974598,4,919.626842,0.991004,0.0,1300.861191,-1300.861191,0,4,3,6,0
800,800,10,10,0,0.0,26101.212286,4,10912.782806,2,5066.333081,0.464257,7594.020313,1414.550876,6179.469437,1,4,3,10,0
801,801,5,5,0,0.0,37419.8015,0,0.0,0,0.0,0.0,25175.225547,0.0,25175.225547,2,3,4,5,0
802,802,5,5,0,0.0,28375.141993,0,0.0,0,0.0,0.0,0.0,5483.90613,-5483.90613,4,3,2,5,0
803,803,9,9,0,0.0,24308.975079,1,7709.250276,7,7708.043313,0.999843,0.0,0.0,0.0,1,4,3,9,0
804,804,2,2,0,0.0,311.857722,1,217.467724,1,94.389998,0.434041,0.0,0.0,0.0,0,1,2,2,0
805,805,3,3,0,0.0,11016.620061,0,0.0,0,0.0,0.0,0.0,224.545988,-224.545988,2,2,2,3,0
806,806,7,7,0,0.0,32368.301333,1,6495.287309,2,4161.080085,0.640631,4234.286497,15143.440218,-10909.153721,0,4,3,7,1
807,807,7,6,1,0.142857,13153.221902,1,6534.090055,6,6619.131847,1.0,0.0,0.0,0.0,0,5,2,7,0
808,808,8,7,1,0.125,13364.790509,3,12651.342516,5,713.447993,0.056393,0.0,0.0,0.0,0,5,4,8,0
809,809,4,4,0,0.0,11275.138022,0,0.0,0,0.0,0.0,506.84127,4992.665671,-4485.824401,2,4,2,4,0
810,810,12,10,2,0.166667,45870.956575,2,9662.611673,3,2258.540373,0.23374,16806.538561,7035.277351,9771.26121,3,5,4,12,0
811,811,6,6,0,0.0,22055.021266,1,9149.641538,3,9016.32574,0.985429,3820.476676,0.0,3820.476676,1,5,3,6,0
812,812,1,1,0,0.0,6368.773119,0,0.0,0,0.0,0.0,0.0,0.0,0.0,1,1,0,1,0
813,813,7,7,0,0.0,33959.458025,0,0.0,0,0.0,0.0,9225.989722,2889.514974,6336.474748,3,3,3,7,0
814,814,6,6,0,0.0,14301.032089,1,977.247988,3,957.969678,0.980273,0.0,0.0,0.0,2,4,3,6,0
815,815,6,6,0,0.0,34789.304082,1,4509.798778,2,2609.73587,0.578681,9069.974571,0.0,9069.974571,2,4,2,6,0
816,816,7,7,0,0.0,22903.212909,2,9358.081242,3,8652.257577,0.924576,0.0,4773.117553,-4773.117553,0,3,4,7,1
817,817,7,7,0,0.0,49437.758671,2,12456.388585,1,9963.977452,0.799909,0.0,21536.998104,-21536.998104,1,5,3,6,0
818,818,9,9,0,0.0,28492.528202,1,5382.942155,4,5159.177162,0.958431,0.0,2722.844667,-2722.844667,3,4,4,9,0
819,819,6,6,0,0.0,24053.81169,1,9018.241358,2,8963.436944,0.993923,0.0,0.0,0.0,3,4,3,6,0
820,820,3,3,0,0.0,12567.155119,0,0.0,0,0.0,0.0,1761.108883,7833.023692,-6071.914809,1,3,1,3,0
821,821,8,8,0,0.0,60715.098995,4,26512.196929,1,1342.264535,0.050628,0.0,9791.37768,-9791.37768,1,4,4,6,1
822,822,6,6,0,0.0,24184.324947,1,7785.703702,3,7645.671862,0.982014,8579.678781,0.0,8579.678781,1,4,3,6,0
823,823,6,6,0,0.0,35409.287095,1,8085.317886,1,3621.974594,0.447969,6252.152067,0.0,6252.152067,3,4,3,5,0
824,824,14,13,1,0.071429,48024.14969,3,14470.280696,8,16148.163637,1.0,3057.420506,0.0,3057.420506,2,5,4,13,0
825,825,9,9,0,0.0,29493.3437,1,4678.157333,5,4611.252233,0.985698,15159.625589,0.0,15159.625589,1,4,4,9,0
826,826,5,5,0,0.0,21165.384932,0,0.0,0,0.0,0.0,0.0,0.0,0.0,5,4,2,5,0
827,827,6,6,0,0.0,22842.124906,3,11219.844933,0,0.0,0.0,0.0,0.0,0.0,1,2,4,6,2
828,828,7,6,1,0.142857,40501.735985,0,0.0,0,0.0,0.0,12535.059502,4612.548268,7922.511234,4,4,3,7,0
829,829,6,6,0,0.0,24968.925167,1,4659.733496,1,1127.525366,0.241972,0.0,9777.115702,-9777.115702,2,3,4,6,0
830,830,6,5,1,0.166667,34827.883176,0,0.0,0,0.0,0.0,3100.86478,0.0,3100.86478,5,5,3,6,0
831,831,4,4,0,0.0,14585.079045,1,7808.466863,3,6776.612182,0.867854,0.0,0.0,0.0,0,4,2,4,0
832,832,4,4,0,0.0,13999.238172,1,6197.539268,1,5847.415947,0.943506,0.0,0.0,0.0,2,3,2,4,0
833,833,14,14,0,0.0,34626.45676,1,5807.226168,8,5805.211692,0.999653,0.0,11070.652269,-11070.652269,3,5,4,13,0
834,834,9,7,2,0.222222,30120.969654,1,2538.69566,3,1991.165467,0.784326,8898.174094,0.0,8898.174094,3,5,3,9,0
835,835,4,3,1,0.25,10016.312199,0,0.0,0,0.0,0.0,0.0,7928.356394,-7928.356394,2,3,2,3,0
836,836,7,6,1,0.142857,30554.645809,0,0.0,0,0.0,0.0,2905.471438,0.0,2905.471438,5,4,2,7,0
837,837,7,6,1,0.142857,24416.764942,1,1011.439626,2,410.863845,0.406217,8021.270748,2521.6982,5499.572548,2,4,2,7,0
838,838,5,5,0,0.0,5282.856971,1,1438.202491,2,1316.285795,0.91523,729.766409,0.0,729.766409,1,3,4,5,0
839,839,8,8,0,0.0,30417.787938,0,0.0,0,0.0,0.0,2738.881648,12508.65338,-9769.771732,4,4,4,8,0
840,840,6,6,0,0.0,28749.647378,0,0.0,0,0.0,0.0,7220.831554,18087.048736,-10866.217182,1,4,2,6,0
841,841,5,5,0,0.0,23329.558258,3,14430.02749,0,0.0,0.0,0.0,0.0,0.0,2,3,2,5,0
842,842,6,5,1,0.166667,31965.549029,0,0.0,0,0.0,0.0,8656.006547,8947.519309,-291.512762,3,3,4,6,0
843,843,12,11,1,0.083333,42624.873911,1,3574.096839,6,3571.920739,0.999391,13686.185661,12625.116213,1061.069448,1,5,4,12,0
844,844,11,10,1,0.090909,57108.622358,1,8819.386941,0,0.0,0.0,0.0,4606.74951,-4606.74951,7,5,4,10,1
845,845,6,6,0,0.0,32003.263369,1,7712.778425,1,4728.178386,0.613032,0.0,9429.32002,-9429.32002,3,3,3,6,0
846,846,5,5,0,0.0,17279.04767,0,0.0,0,0.0,0.0,0.0,9811.016521,-9811.016521,4,2,2,5,0
847,847,5,5,0,0.0,9096.483673,1,785.501501,2,654.813071,0.833624,0.0,1313.018405,-1313.018405,1,4,2,4,0
848,848,7,7,0,0.0,43501.918495,0,0.0,0,0.0,0.0,5562.926289,4903.93076,658.995529,4,3,3,6,0
849,849,7,7,0,0.0,34798.966551,0,0.0,0,0.0,0.0,5107.435654,18466.466535,-13359.030881,2,5,3,7,0
850,850,5,5,0,0.0,20284.877311,1,9288.454206,0,0.0,0.0,0.0,3036.280437,-3036.280437,3,3,3,5,0
851,851,8,8,0,0.0,34737.041553,1,9819.306073,1,6620.719487,0.674255,5669.089958,2745.328493,2923.761465,3,5,3,8,0
852,852,11,11,0,0.0,44179.053008,1,8136.153014,1,3794.278147,0.466348,2544.041518,3326.184279,-782.142761,7,5,4,9,0
853,853,7,7,0,0.0,21747.268282,1,9000.523531,3,8864.685045,0.984908,3057.618088,0.0,3057.618088,1,4,3,7,1
854,854,3,3,0,0.0,12942.008063,0,0.0,0,0.0,0.0,7152.183521,4165.780465,2986.403056,1,2,2,3,0
855,855,12,12,0,0.0,60233.494414,4,19758.550528,3,5374.200628,0.271994,7470.905223,0.0,7470.905223,3,4,4,11,1
856,856,4,4,0,0.0,26515.609465,2,13378.237944,1,7541.818495,0.563738,0.0,0.0,0.0,1,2,3,4,0
857,857,11,10,1,0.090909,66636.761803,6,30006.918181,3,14721.475847,0.490603,0.0,0.0,0.0,1,4,4,11,1
858,858,5,4,1,0.2,23528.569785,1,5317.782157,2,4375.104881,0.822731,4910.475235,0.0,4910.475235,1,4,2,4,0
859,859,8,8,0,0.0,26814.590977,1,8458.737719,5,7992.561159,0.944888,0.0,8494.572246,-8494.572246,1,4,3,8,0
860,860,6,5,1,0.166667,17665.885326,0,0.0,0,0.0,0.0,0.0,464.392456,-464.392456,5,4,3,6,0
861,861,9,9,0,0.0,9998.83575,1,3970.130943,7,3940.773822,0.992606,0.0,0.0,0.0,1,4,3,9,0
862,862,6,5,1,0.166667,16752.127367,1,4398.430229,1,530.299783,0.120566,0.0,0.0,0.0,4,4,2,6,0
863,863,5,5,0,0.0,24167.490792,0,0.0,0,0.0,0.0,1817.51613,4751.760106,-2934.243976,3,2,2,5,0
864,864,13,12,1,0.076923,68844.179063,0,0.0,0,0.0,0.0,5066.123812,6387.937321,-1321.813509,10,5,2,11,0
865,865,4,4,0,0.0,20193.699213,0,0.0,0,0.0,0.0,4363.907711,8862.304092,-4498.396381,2,2,2,4,0
866,866,8,7,1,0.125,44178.472205,0,0.0,0,0.0,0.0,8066.295237,16001.102069,-7934.806832,5,4,3,8,0
867,867,7,7,0,0.0,23290.609403,2,11657.132225,5,11633.477178,0.997971,0.0,0.0,0.0,0,4,4,7,0
868,868,6,6,0,0.0,42849.12712,1,9608.367689,0,0.0,0.0,0.0,0.0,0.0,4,4,2,6,1
869,869,4,4,0,0.0,18736.696903,0,0.0,0,0.0,0.0,0.0,6356.616278,-6356.616278,3,2,2,4,0
870,870,10,9,1,0.1,63514.994198,1,4754.617404,0,0.0,0.0,0.0,9968.943007,-9968.943007,6,4,3,10,0
871,871,7,7,0,0.0,32650.850464,3,13202.754573,0,0.0,0.0,3826.64481,0.0,3826.64481,1,4,3,7,2
872,872,3,3,0,0.0,16746.100191,0,0.0,0,0.0,0.0,0.0,7624.188674,-7624.188674,1,2,1,3,0
873,873,10,10,0,0.0,36809.618352,2,2020.296333,3,218.212929,0.10801,0.0,18067.276434,-18067.276434,2,5,3,10,1
874,874,5,5,0,0.0,11201.806007,1,1558.01998,2,1280.713778,0.822014,0.0,0.0,0.0,2,3,3,5,0
875,875,4,4,0,0.0,27597.645068,0,0.0,0,0.0,0.0,8623.333615,0.0,8623.333615,3,3,2,4,0
876,876,4,4,0,0.0,17746.952191,0,0.0,0,0.0,0.0,0.0,0.0,0.0,4,2,0,4,0
877,877,10,9,1,0.1,59511.412912,2,11576.886696,0,0.0,0.0,10417.760629,0.0,10417.760629,5,5,4,10,1
878,878,8,8,0,0.0,40706.828942,0,0.0,0,0.0,0.0,19093.92789,1469.544356,17624.383534,4,3,2,8,0
879,879,8,8,0,0.0,42543.683647,0,0.0,0,0.0,0.0,10979.163656,0.0,10979.163656,6,4,3,8,0
880,880,7,7,0,0.0,41193.690671,0,0.0,0,0.0,0.0,0.0,6211.179726,-6211.179726,5,4,3,7,0
881,881,10,10,0,0.0,33735.194617,3,12780.113934,2,653.210152,0.051111,0.0,0.0,0.0,4,3,3,10,1
882,882,10,10,0,0.0,58035.861878,0,0.0,0,0.0,0.0,7289.241659,4058.091949,3231.14971,7,5,3,9,0
883,883,5,4,1,0.2,26353.001387,1,6892.592546,0,0.0,0.0,0.0,6091.698268,-6091.698268,3,3,2,5,0
884,884,1,1,0,0.0,859.910623,0,0.0,0,0.0,0.0,0.0,0.0,0.0,1,1,1,1,0
885,885,4,4,0,0.0,6510.602542,0,0.0,0,0.0,0.0,633.661632,0.0,633.661632,3,3,2,4,0
886,886,5,5,0,0.0,29241.03667,0,0.0,0,0.0,0.0,6496.099436,0.0,6496.099436,3,4,2,5,0
887,887,5,5,0,0.0,16603.009921,1,8086.019152,3,8084.788033,0.999848,0.0,0.0,0.0,1,3,3,5,0
888,888,7,7,0,0.0,24668.873559,1,3081.50159,3,3005.343096,0.975285,0.0,0.0,0.0,3,4,4,7,0
889,889,4,3,1,0.25,19665.331116,0,0.0,0,0.0,0.0,9457.106482,1504.047036,7953.059446,2,3,3,4,0
890,890,8,8,0,0.0,26966.72673,1,2280.401351,2,1200.51829,0.52645,0.0,7637.301728,-7637.301728,4,4,3,8,0
891,891,8,8,0,0.0,31852.151228,0,0.0,0,0.0,0.0,14567.885318,3595.350719,10972.534599,4,4,1,8,0
892,892,11,10,1,0.090909,43268.793088,2,10839.560834,5,10233.752192,0.944111,0.0,8539.111313,-8539.111313,3,5,4,11,0
893,893,3,3,0,0.0,17453.652548,0,0.0,0,0.0,0.0,6660.595882,0.0,6660.595882,2,3,2,3,0
894,894,10,9,1,0.1,21890.064263,2,757.483038,2,377.407546,0.498239,0.0,3638.522349,-3638.522349,5,5,3,9,0
895,895,8,8,0,0.0,31058.142738,2,6442.890909,2,3926.139777,0.609375,9469.141357,0.0,9469.141357,2,4,3,8,0
896,896,10,9,1,0.1,62884.611969,1,9109.471367,0,0.0,0.0,1643.685029,9802.323132,-8158.638103,5,4,3,7,1
897,897,3,3,0,0.0,7053.665595,0,0.0,0,0.0,0.0,2944.632406,0.0,2944.632406,2,3,1,3,0
898,898,12,11,1,0.083333,63201.355613,0,0.0,0,0.0,0.0,0.0,17381.874213,-17381.874213,8,4,4,11,0
899,899,13,13,0,0.0,30837.844673,1,2052.958768,4,1936.024993,0.943041,2152.835495,5931.156321,-3778.320826,4,5,4,12,1
900,900,11,11,0,0.0,49311.887537,1,5714.378038,0,0.0,0.0,2377.863558,0.0,2377.863558,9,5,3,11,0
901,901,5,4,1,0.2,36084.307168,0,0.0,0,0.0,0.0,0.0,6709.255194,-6709.255194,4,4,1,5,0
902,902,4,4,0,0.0,19195.414465,0,0.0,0,0.0,0.0,0.0,0.0,0.0,4,3,2,4,0
903,903,6,6,0,0.0,9487.802358,1,249.617627,3,232.627274,0.931934,9005.557457,0.0,9005.557457,0,5,2,5,0
904,904,6,6,0,0.0,24172.254626,1,3756.847324,1,3623.401823,0.964479,2235.174207,3459.546866,-1224.372659,2,5,3,6,0
905,905,4,4,0,0.0,21975.944244,2,13798.611468,1,6052.967291,0.438665,0.0,0.0,0.0,0,2,3,4,1
906,906,5,5,0,0.0,21166.992082,0,0.0,0,0.0,0.0,7220.367822,2486.284495,4734.083327,2,2,2,5,0
907,907,7,7,0,0.0,36200.768071,0,0.0,0,0.0,0.0,5762.194675,1976.56107,3785.633605,4,4,3,6,0
908,908,7,7,0,0.0,34781.926313,2,6657.288481,2,4001.652843,0.601094,9515.423876,0.0,9515.423876,2,4,3,7,0
909,909,11,11,0,0.0,63637.672996,0,0.0,0,0.0,0.0,9326.470336,21446.666905,-12120.196569,5,4,3,11,0
910,910,9,9,0,0.0,38306.101075,1,5079.257704,2,3205.073354,0.631012,0.0,8975.602731,-8975.602731,5,4,3,8,0
911,911,7,6,1,0.142857,29043.575448,0,0.0,0,0.0,0.0,9054.521674,13060.019179,-4005.497505,3,5,3,7,0
912,912,10,10,0,0.0,35369.486184,1,5863.067773,1,3532.852612,0.60256,0.0,4962.76836,-4962.76836,7,4,3,10,0
913,913,5,5,0,0.0,28034.654802,0,0.0,0,0.0,0.0,428.145545,7139.193779,-6711.048234,3,2,3,5,0
914,914,7,7,0,0.0,21238.249809,1,9894.755542,5,9893.964462,0.99992,0.0,0.0,0.0,1,3,3,7,0
915,915,5,5,0,0.0,26051.469198,0,0.0,0,0.0,0.0,16505.107349,9546.361849,6958.7455,0,4,4,5,0
916,916,8,8,0,0.0,39451.516139,0,0.0,0,0.0,0.0,11858.097576,2950.119289,8907.978287,5,4,4,8,0
917,917,7,7,0,0.0,23014.971873,1,5205.237907,4,5070.348698,0.974086,0.0,3611.321166,-3611.321166,1,3,3,7,0
918,918,9,9,0,0.0,20813.945964,2,10082.528974,4,4089.645551,0.405617,2381.882479,0.0,2381.882479,1,5,4,9,1
919,919,10,10,0,0.0,45359.938612,1,239.083542,1,97.924922,0.409585,10044.540909,0.0,10044.540909,6,5,3,9,0
920,920,6,6,0,0.0,15293.172207,1,1422.007951,2,1137.886354,0.800197,0.0,0.0,0.0,3,4,3,6,0
921,921,8,8,0,0.0,22466.061088,1,2275.635003,4,2181.116078,0.958465,0.0,0.0,0.0,3,5,4,7,0
922,922,7,7,0,0.0,30214.159142,1,7384.268531,4,7166.393071,0.970495,0.0,0.0,0.0,2,3,4,7,0
923,923,7,7,0,0.0,33426.44159,3,19864.932072,1,2290.832338,0.11532,0.0,0.0,0.0,2,4,4,6,1
924,924,3,3,0,0.0,15408.102313,1,7580.609059,0,0.0,0.0,7827.493254,0.0,7827.493254,0,3,2,3,0
925,925,8,8,0,0.0,22590.214325,1,7332.173977,5,7310.715309,0.997073,0.0,0.0,0.0,2,4,3,7,0
926,926,5,5,0,0.0,22625.300279,2,6865.632671,1,4442.421854,0.647052,0.0,8015.515398,-8015.515398,1,3,4,5,0
927,927,8,8,0,0.0,41954.869108,0,0.0,0,0.0,0.0,5803.596989,7767.351501,-1963.754512,5,4,3,7,0
928,928,4,4,0,0.0,10003.031222,2,4507.605544,0,0.0,0.0,0.0,0.0,0.0,1,4,2,4,1
929,929,4,4,0,0.0,18741.187988,0,0.0,0,0.0,0.0,0.0,0.0,0.0,4,3,1,4,0
930,930,4,3,1,0.25,7414.454182,1,339.02979,0,0.0,0.0,3514.966359,3560.458033,-45.491674,0,3,3,4,0
931,931,5,5,0,0.0,16831.139759,0,0.0,0,0.0,0.0,0.0,0.0,0.0,5,4,4,5,0
932,932,10,9,1,0.1,39642.41083,2,8831.060088,1,2230.182601,0.252538,0.0,8420.110536,-8420.110536,6,5,4,8,0
933,933,10,10,0,0.0,49158.923373,2,14091.967133,4,5406.45358,0.383655,8086.390345,0.0,8086.390345,2,4,3,10,1
934,934,5,5,0,0.0,23174.893411,0,0.0,0,0.0,0.0,9537.612185,7421.6675,2115.944685,2,3,4,5,0
935,935,9,8,1,0.111111,55667.462423,0,0.0,0,0.0,0.0,12270.623618,0.0,12270.623618,6,4,4,8,0
936,936,10,10,0,0.0,44550.689878,1,6535.116818,4,6519.312763,0.997582,11690.259657,9396.771928,2293.487729,2,4,4,10,0
937,937,8,7,1,0.125,28642.134687,3,9987.63823,1,1308.432618,0.131005,11034.140814,0.0,11034.140814,1,5,4,7,1
938,938,6,6,0,0.0,37246.749647,1,4427.712759,1,2233.615785,0.504463,8732.032591,4841.604846,3890.427745,2,5,4,6,0
939,939,5,5,0,0.0,23565.93557,0,0.0,0,0.0,0.0,0.0,8630.909089,-8630.909089,4,3,2,5,0
940,940,6,6,0,0.0,28354.942433,0,0.0,0,0.0,0.0,6680.817713,0.0,6680.817713,5,4,2,6,0
941,941,7,7,0,0.0,42536.302663,1,9039.92098,1,2513.43966,0.278038,20260.65818,0.0,20260.65818,1,4,3,7,1
942,942,5,5,0,0.0,18614.832027,1,4879.941595,1,3306.45184,0.67756,0.0,280.314355,-280.314355,2,4,4,5,0
943,943,4,4,0,0.0,20404.284967,0,0.0,0,0.0,0.0,3401.389212,0.0,3401.389212,3,4,2,4,0
944,944,10,9,1,0.1,35754.923767,1,2267.570691,1,1520.109115,0.670369,5614.938071,12828.880112,-7213.942041,3,3,4,9,0
945,945,14,13,1,0.071429,31824.983423,2,6761.696147,7,2848.024806,0.4212,0.0,1415.976746,-1415.976746,4,5,3,14,0
946,946,7,7,0,0.0,26553.751591,1,8180.535828,4,8092.203768,0.989202,0.0,9577.209159,-9577.209159,1,3,4,7,0
947,947,4,3,1,0.25,18468.656609,0,0.0,0,0.0,0.0,13472.978841,0.0,13472.978841,2,3,2,4,0
948,948,8,7,1,0.125,37865.238763,0,0.0,0,0.0,0.0,8149.511817,9599.511062,-1449.999245,5,4,3,8,0
949,949,6,6,0,0.0,22347.657651,0,0.0,0,0.0,0.0,4863.548664,3879.092213,984.456451,3,4,3,6,0
950,950,6,6,0,0.0,36861.443208,2,14537.67256,1,7874.590044,0.541668,7119.638207,0.0,7119.638207,2,4,4,6,0
951,951,12,12,0,0.0,47322.17404,0,0.0,0,0.0,0.0,0.0,9312.208407,-9312.208407,8,5,3,12,0
952,952,6,6,0,0.0,29358.192204,0,0.0,0,0.0,0.0,18117.816945,0.0,18117.816945,2,4,3,6,0
953,953,8,7,1,0.125,43213.415922,0,0.0,0,0.0,0.0,2518.841806,27501.962482,-24983.120676,2,5,3,8,0
954,954,6,6,0,0.0,20932.482172,3,8856.653079,1,1788.752996,0.201967,0.0,7341.384995,-7341.384995,1,3,4,5,0
955,955,11,9,2,0.181818,41080.197964,1,3706.282719,1,1451.919211,0.391745,5974.597196,6001.016061,-26.418865,7,5,4,11,0
956,956,5,4,1,0.2,27744.653485,0,0.0,0,0.0,0.0,294.61927,8094.076734,-7799.457464,3,4,3,5,0
957,957,6,6,0,0.0,36800.674206,0,0.0,0,0.0,0.0,9697.830613,26026.499669,-16328.669056,1,3,4,6,0
958,958,9,7,2,0.222222,33792.269086,1,5256.619026,3,7987.175722,1.0,19541.882306,0.0,19541.882306,1,5,4,9,0
959,959,5,5,0,0.0,21443.862364,0,0.0,0,0.0,0.0,9148.255553,2460.414077,6687.841476,3,4,3,5,0
960,960,3,3,0,0.0,17464.861767,0,0.0,0,0.0,0.0,0.0,0.0,0.0,3,3,0,3,0
961,961,6,6,0,0.0,11617.400706,1,6686.125014,3,2858.752514,0.427565,0.0,0.0,0.0,2,3,3,6,0
962,962,13,13,0,0.0,62463.451107,1,5250.539975,1,3982.478182,0.758489,124.920616,10118.239523,-9993.318907,7,5,3,13,1
963,963,5,5,0,0.0,22265.181115,0,0.0,0,0.0,0.0,9103.483479,9065.575899,37.90758,2,3,3,5,0
964,964,7,7,0,0.0,35072.054213,2,14070.539986,3,12473.295478,0.886483,0.0,0.0,0.0,2,3,4,7,0
965,965,4,3,1,0.25,18191.095108,0,0.0,0,0.0,0.0,8230.147997,4466.692528,3763.455469,2,3,3,4,0
966,966,6,6,0,0.0,32264.249127,0,0.0,0,0.0,0.0,1259.772531,0.0,1259.772531,5,4,3,6,0
967,967,4,4,0,0.0,22633.789494,0,0.0,0,0.0,0.0,0.0,9227.519053,-9227.519053,2,2,2,4,0
968,968,5,5,0,0.0,25347.976423,0,0.0,0,0.0,0.0,8269.499057,0.0,8269.499057,4,2,2,5,0
969,969,5,5,0,0.0,21860.256977,0,0.0,0,0.0,0.0,3938.136812,7198.571057,-3260.434245,2,3,3,5,0
970,970,6,6,0,0.0,34468.538503,0,0.0,0,0.0,0.0,0.0,6860.664113,-6860.664113,5,4,2,6,0
971,971,9,9,0,0.0,23260.937621,1,7537.01436,5,7532.313923,0.999376,5619.241109,0.0,5619.241109,2,5,4,9,0
972,972,6,5,1,0.166667,34907.208474,0,0.0,0,0.0,0.0,0.0,0.0,0.0,6,4,3,6,0
973,973,8,8,0,0.0,43254.786679,0,0.0,0,0.0,0.0,4785.932393,7387.355802,-2601.423409,5,5,1,8,0
974,974,3,3,0,0.0,11823.741968,1,6228.533228,2,5595.20874,0.898319,0.0,0.0,0.0,0,2,3,3,0
975,975,5,5,0,0.0,23541.990977,1,3290.664995,1,2266.675889,0.68882,897.284966,0.0,897.284966,2,4,3,5,0
976,976,5,5,0,0.0,17308.185586,3,11956.698773,2,5351.486813,0.447572,0.0,0.0,0.0,0,3,4,5,0
977,977,3,3,0,0.0,16811.073353,0,0.0,0,0.0,0.0,0.0,5198.835639,-5198.835639,2,3,2,3,0
978,978,5,5,0,0.0,21527.497055,1,2428.669919,0,0.0,0.0,6766.46001,0.0,6766.46001,2,4,3,5,1
979,979,4,4,0,0.0,11083.036701,0,0.0,0,0.0,0.0,7217.100894,0.0,7217.100894,1,3,3,4,0
980,980,8,8,0,0.0,35591.675284,2,11738.22202,3,7713.968651,0.657167,0.0,9171.28451,-9171.28451,2,4,3,8,0
981,981,4,4,0,0.0,21302.163317,0,0.0,0,0.0,0.0,0.0,15635.257802,-15635.257802,2,2,1,4,0
982,982,6,5,1,0.166667,29041.103725,0,0.0,0,0.0,0.0,0.0,0.0,0.0,6,3,1,5,0
983,983,6,5,1,0.166667,26045.912733,0,0.0,0,0.0,0.0,0.0,11272.557859,-11272.557859,3,4,3,6,0
984,984,11,11,0,0.0,29468.692256,1,9292.939893,6,8935.088125,0.961492,0.0,0.0,0.0,4,5,4,11,0
985,985,5,5,0,0.0,15114.606471,1,5458.708615,2,3197.775096,0.585812,6267.521698,0.0,6267.521698,1,3,4,5,0
986,986,4,4,0,0.0,23090.965365,1,9285.253386,2,8363.799794,0.900762,0.0,5441.912185,-5441.912185,0,3,2,4,0
987,987,3,3,0,0.0,9852.124415,0,0.0,0,0.0,0.0,9852.124415,0.0,9852.124415,0,3,2,3,0
988,988,4,4,0,0.0,21223.613302,1,9856.010572,2,8515.590882,0.864,0.0,0.0,0.0,1,3,3,4,0
989,989,8,8,0,0.0,17105.682313,1,672.304873,4,658.382125,0.979291,11133.12627,0.0,11133.12627,1,3,4,8,0
990,990,2,2,0,0.0,13206.187654,0,0.0,0,0.0,0.0,0.0,9885.485303,-9885.485303,1,1,1,2,0
991,991,6,6,0,0.0,27297.634821,0,0.0,0,0.0,0.0,7800.468511,13049.494054,-5249.025543,1,3,3,6,0
992,992,9,9,0,0.0,57724.759062,1,5888.177838,1,1555.32761,0.264144,16449.576225,17907.117125,-1457.5409,3,4,4,9,0
993,993,7,7,0,0.0,29276.096809,0,0.0,0,0.0,0.0,9098.880371,0.0,9098.880371,5,4,3,6,0
994,994,8,8,0,0.0,23836.920477,2,9747.28989,4,9193.294417,0.943164,0.0,0.0,0.0,2,5,3,8,0
995,995,9,8,1,0.111111,58111.143911,2,9387.057207,0,0.0,0.0,23010.535487,0.0,23010.535487,2,5,4,7,1
996,996,9,9,0,0.0,42761.464916,0,0.0,0,0.0,0.0,7707.726736,5274.640532,2433.086204,6,5,4,9,0
997,997,10,10,0,0.0,30750.36352,1,9598.345935,7,9598.158055,0.99998,8015.303146,0.0,8015.303146,1,5,4,10,0
998,998,7,7,0,0.0,27263.245392,0,0.0,0,0.0,0.0,3089.926728,14037.843186,-10947.916458,3,4,3,7,0
999,999,5,5,0,0.0,3647.986544,1,1824.051431,4,1823.935113,0.999936,0.0,0.0,0.0,0,3,3,5,0
1000,1000,7,6,1,0.142857,10696.199339,1,1060.982445,4,1027.089298,0.968055,0.0,3138.764707,-3138.764707,1,5,3,7,0
