account_id,wallet_address,chain_id,created_at
1,0x0000000000000000000000000000000000000001,1,2025-01-21
2,0x0000000000000000000000000000000000000002,1,2025-01-04
3,0x0000000000000000000000000000000000000003,1,2025-01-01
4,0x0000000000000000000000000000000000000004,1,2025-01-24
5,0x0000000000000000000000000000000000000005,1,2025-01-09
6,0x0000000000000000000000000000000000000006,1,2025-01-08
7,0x0000000000000000000000000000000000000007,1,2025-01-08
8,0x0000000000000000000000000000000000000008,1,2025-01-05
9,0x0000000000000000000000000000000000000009,1,2025-01-24
10,0x000000000000000000000000000000000000000a,1,2025-01-04
11,0x000000000000000000000000000000000000000b,1,2025-01-22
12,0x000000000000000000000000000000000000000c,1,2025-01-24
13,0x000000000000000000000000000000000000000d,1,2025-01-29
14,0x000000000000000000000000000000000000000e,1,2025-01-18
15,0x000000000000000000000000000000000000000f,1,2025-01-03
16,0x0000000000000000000000000000000000000010,1,2025-01-19
17,0x0000000000000000000000000000000000000011,1,2025-01-14
18,0x0000000000000000000000000000000000000012,1,2025-01-02
19,0x0000000000000000000000000000000000000013,1,2025-01-01
20,0x0000000000000000000000000000000000000014,1,2025-01-03
21,0x0000000000000000000000000000000000000015,1,2025-01-07
22,0x0000000000000000000000000000000000000016,1,2025-01-08
23,0x0000000000000000000000000000000000000017,1,2025-01-17
24,0x0000000000000000000000000000000000000018,1,2025-01-20
25,0x0000000000000000000000000000000000000019,1,2025-01-01
26,0x000000000000000000000000000000000000001a,1,2025-01-18
27,0x000000000000000000000000000000000000001b,1,2025-01-07
28,0x000000000000000000000000000000000000001c,1,2025-01-23
29,0x000000000000000000000000000000000000001d,1,2025-01-21
30,0x000000000000000000000000000000000000001e,1,2025-01-23
31,0x000000000000000000000000000000000000001f,1,2025-01-18
32,0x0000000000000000000000000000000000000020,1,2025-01-14
33,0x0000000000000000000000000000000000000021,1,2025-01-08
34,0x0000000000000000000000000000000000000022,1,2025-01-15
35,0x0000000000000000000000000000000000000023,1,2025-01-19
36,0x0000000000000000000000000000000000000024,1,2025-01-09
37,0x0000000000000000000000000000000000000025,1,2025-01-26
38,0x0000000000000000000000000000000000000026,1,2025-01-28
39,0x0000000000000000000000000000000000000027,1,2025-01-01
40,0x0000000000000000000000000000000000000028,1,2025-01-25
41,0x0000000000000000000000000000000000000029,1,2025-01-26
42,0x000000000000000000000000000000000000002a,1,2025-01-06
43,0x000000000000000000000000000000000000002b,1,2025-01-23
44,0x000000000000000000000000000000000000002c,1,2025-01-14
45,0x000000000000000000000000000000000000002d,1,2025-01-11
46,0x000000000000000000000000000000000000002e,1,2025-01-09
47,0x000000000000000000000000000000000000002f,1,2025-01-05
48,0x0000000000000000000000000000000000000030,1,2025-01-07
49,0x0000000000000000000000000000000000000031,1,2025-01-31
50,0x0000000000000000000000000000000000000032,1,2025-01-25
51,0x0000000000000000000000000000000000000033,1,2025-01-11
52,0x0000000000000000000000000000000000000034,1,2025-01-04
53,0x0000000000000000000000000000000000000035,1,2025-01-03
54,0x0000000000000000000000000000000000000036,1,2025-01-13
55,0x0000000000000000000000000000000000000037,1,2025-01-04
56,0x0000000000000000000000000000000000000038,1,2025-01-12
57,0x0000000000000000000000000000000000000039,1,2025-01-28
58,0x000000000000000000000000000000000000003a,1,2025-01-12
59,0x000000000000000000000000000000000000003b,1,2025-01-20
60,0x000000000000000000000000000000000000003c,1,2025-01-09
61,0x000000000000000000000000000000000000003d,1,2025-01-26
62,0x000000000000000000000000000000000000003e,1,2025-01-02
63,0x000000000000000000000000000000000000003f,1,2025-01-24
64,0x0000000000000000000000000000000000000040,1,2025-01-15
65,0x0000000000000000000000000000000000000041,1,2025-01-18
66,0x0000000000000000000000000000000000000042,1,2025-01-04
67,0x0000000000000000000000000000000000000043,1,2025-01-30
68,0x0000000000000000000000000000000000000044,1,2025-01-13
69,0x0000000000000000000000000000000000000045,1,2025-01-03
70,0x0000000000000000000000000000000000000046,1,2025-01-18
71,0x0000000000000000000000000000000000000047,1,2025-01-10
72,0x0000000000000000000000000000000000000048,1,2025-01-27
73,0x0000000000000000000000000000000000000049,1,2025-01-21
74,0x000000000000000000000000000000000000004a,1,2025-01-20
75,0x000000000000000000000000000000000000004b,1,2025-01-29
76,0x000000000000000000000000000000000000004c,1,2025-01-28
77,0x000000000000000000000000000000000000004d,1,2025-01-12
78,0x000000000000000000000000000000000000004e,1,2025-01-19
79,0x000000000000000000000000000000000000004f,1,2025-01-07
80,0x0000000000000000000000000000000000000050,1,2025-01-23
81,0x0000000000000000000000000000000000000051,1,2025-01-03
82,0x0000000000000000000000000000000000000052,1,2025-01-02
83,0x0000000000000000000000000000000000000053,1,2025-01-22
84,0x0000000000000000000000000000000000000054,1,2025-01-08
85,0x0000000000000000000000000000000000000055,1,2025-01-25
86,0x0000000000000000000000000000000000000056,1,2025-01-10
87,0x0000000000000000000000000000000000000057,1,2025-01-03
88,0x0000000000000000000000000000000000000058,1,2025-01-28
89,0x0000000000000000000000000000000000000059,1,2025-01-08
90,0x000000000000000000000000000000000000005a,1,2025-01-28
91,0x000000000000000000000000000000000000005b,1,2025-01-04
92,0x000000000000000000000000000000000000005c,1,2025-01-13
93,0x000000000000000000000000000000000000005d,1,2025-01-09
94,0x000000000000000000000000000000000000005e,1,2025-01-15
95,0x000000000000000000000000000000000000005f,1,2025-01-21
96,0x0000000000000000000000000000000000000060,1,2025-01-27
97,0x0000000000000000000000000000000000000061,1,2025-01-12
98,0x0000000000000000000000000000000000000062,1,2025-01-06
99,0x0000000000000000000000000000000000000063,1,2025-01-12
100,0x0000000000000000000000000000000000000064,1,2025-01-12
101,0x0000000000000000000000000000000000000065,1,2025-01-07
102,0x0000000000000000000000000000000000000066,1,2025-01-22
103,0x0000000000000000000000000000000000000067,1,2025-01-09
104,0x0000000000000000000000000000000000000068,1,2025-01-23
105,0x0000000000000000000000000000000000000069,1,2025-01-30
106,0x000000000000000000000000000000000000006a,1,2025-01-22
107,0x000000000000000000000000000000000000006b,1,2025-01-21
108,0x000000000000000000000000000000000000006c,1,2025-01-03
109,0x000000000000000000000000000000000000006d,1,2025-01-20
110,0x000000000000000000000000000000000000006e,1,2025-01-21
111,0x000000000000000000000000000000000000006f,1,2025-01-06
112,0x0000000000000000000000000000000000000070,1,2025-01-18
113,0x0000000000000000000000000000000000000071,1,2025-01-24
114,0x0000000000000000000000000000000000000072,1,2025-01-08
115,0x0000000000000000000000000000000000000073,1,2025-01-06
116,0x0000000000000000000000000000000000000074,1,2025-01-15
117,0x0000000000000000000000000000000000000075,1,2025-01-13
118,0x0000000000000000000000000000000000000076,1,2025-01-09
119,0x0000000000000000000000000000000000000077,1,2025-01-30
120,0x0000000000000000000000000000000000000078,1,2025-01-21
121,0x0000000000000000000000000000000000000079,1,2025-01-23
122,0x000000000000000000000000000000000000007a,1,2025-01-18
123,0x000000000000000000000000000000000000007b,1,2025-01-08
124,0x000000000000000000000000000000000000007c,1,2025-01-22
125,0x000000000000000000000000000000000000007d,1,2025-01-11
126,0x000000000000000000000000000000000000007e,1,2025-01-27
127,0x000000000000000000000000000000000000007f,1,2025-01-25
128,0x0000000000000000000000000000000000000080,1,2025-01-25
129,0x0000000000000000000000000000000000000081,1,2025-01-02
130,0x0000000000000000000000000000000000000082,1,2025-01-08
131,0x0000000000000000000000000000000000000083,1,2025-01-27
132,0x0000000000000000000000000000000000000084,1,2025-01-02
133,0x0000000000000000000000000000000000000085,1,2025-01-26
134,0x0000000000000000000000000000000000000086,1,2025-01-11
135,0x0000000000000000000000000000000000000087,1,2025-01-13
136,0x0000000000000000000000000000000000000088,1,2025-01-09
137,0x0000000000000000000000000000000000000089,1,2025-01-03
138,0x000000000000000000000000000000000000008a,1,2025-01-07
139,0x000000000000000000000000000000000000008b,1,2025-01-30
140,0x000000000000000000000000000000000000008c,1,2025-01-31
141,0x000000000000000000000000000000000000008d,1,2025-01-19
142,0x000000000000000000000000000000000000008e,1,2025-01-29
143,0x000000000000000000000000000000000000008f,1,2025-01-23
144,0x0000000000000000000000000000000000000090,1,2025-01-11
145,0x0000000000000000000000000000000000000091,1,2025-01-07
146,0x0000000000000000000000000000000000000092,1,2025-01-21
147,0x0000000000000000000000000000000000000093,1,2025-01-16
148,0x0000000000000000000000000000000000000094,1,2025-01-13
149,0x0000000000000000000000000000000000000095,1,2025-01-29
150,0x0000000000000000000000000000000000000096,1,2025-01-30
151,0x0000000000000000000000000000000000000097,1,2025-01-21
152,0x0000000000000000000000000000000000000098,1,2025-01-15
153,0x0000000000000000000000000000000000000099,1,2025-01-05
154,0x000000000000000000000000000000000000009a,1,2025-01-09
155,0x000000000000000000000000000000000000009b,1,2025-01-05
156,0x000000000000000000000000000000000000009c,1,2025-01-08
157,0x000000000000000000000000000000000000009d,1,2025-01-24
158,0x000000000000000000000000000000000000009e,1,2025-01-18
159,0x000000000000000000000000000000000000009f,1,2025-01-18
160,0x00000000000000000000000000000000000000a0,1,2025-01-09
161,0x00000000000000000000000000000000000000a1,1,2025-01-24
162,0x00000000000000000000000000000000000000a2,1,2025-01-19
163,0x00000000000000000000000000000000000000a3,1,2025-01-14
164,0x00000000000000000000000000000000000000a4,1,2025-01-29
165,0x00000000000000000000000000000000000000a5,1,2025-01-19
166,0x00000000000000000000000000000000000000a6,1,2025-01-13
167,0x00000000000000000000000000000000000000a7,1,2025-01-12
168,0x00000000000000000000000000000000000000a8,1,2025-01-08
169,0x00000000000000000000000000000000000000a9,1,2025-01-05
170,0x00000000000000000000000000000000000000aa,1,2025-01-17
171,0x00000000000000000000000000000000000000ab,1,2025-01-16
172,0x00000000000000000000000000000000000000ac,1,2025-01-03
173,0x00000000000000000000000000000000000000ad,1,2025-01-25
174,0x00000000000000000000000000000000000000ae,1,2025-01-02
175,0x00000000000000000000000000000000000000af,1,2025-01-28
176,0x00000000000000000000000000000000000000b0,1,2025-01-04
177,0x00000000000000000000000000000000000000b1,1,2025-01-05
178,0x00000000000000000000000000000000000000b2,1,2025-01-21
179,0x00000000000000000000000000000000000000b3,1,2025-01-06
180,0x00000000000000000000000000000000000000b4,1,2025-01-26
181,0x00000000000000000000000000000000000000b5,1,2025-01-22
182,0x00000000000000000000000000000000000000b6,1,2025-01-14
183,0x00000000000000000000000000000000000000b7,1,2025-01-20
184,0x00000000000000000000000000000000000000b8,1,2025-01-03
185,0x00000000000000000000000000000000000000b9,1,2025-01-13
186,0x00000000000000000000000000000000000000ba,1,2025-01-13
187,0x00000000000000000000000000000000000000bb,1,2025-01-20
188,0x00000000000000000000000000000000000000bc,1,2025-01-15
189,0x00000000000000000000000000000000000000bd,1,2025-01-17
190,0x00000000000000000000000000000000000000be,1,2025-01-09
191,0x00000000000000000000000000000000000000bf,1,2025-01-18
192,0x00000000000000000000000000000000000000c0,1,2025-01-28
193,0x00000000000000000000000000000000000000c1,1,2025-01-31
194,0x00000000000000000000000000000000000000c2,1,2025-01-01
195,0x00000000000000000000000000000000000000c3,1,2025-01-22
196,0x00000000000000000000000000000000000000c4,1,2025-01-24
197,0x00000000000000000000000000000000000000c5,1,2025-01-04
198,0x00000000000000000000000000000000000000c6,1,2025-01-22
199,0x00000000000000000000000000000000000000c7,1,2025-01-29
200,0x00000000000000000000000000000000000000c8,1,2025-01-18
201,0x00000000000000000000000000000000000000c9,1,2025-01-25
202,0x00000000000000000000000000000000000000ca,1,2025-01-09
203,0x00000000000000000000000000000000000000cb,1,2025-01-25
204,0x00000000000000000000000000000000000000cc,1,2025-01-21
205,0x00000000000000000000000000000000000000cd,1,2025-01-11
206,0x00000000000000000000000000000000000000ce,1,2025-01-04
207,0x00000000000000000000000000000000000000cf,1,2025-01-10
208,0x00000000000000000000000000000000000000d0,1,2025-01-14
209,0x00000000000000000000000000000000000000d1,1,2025-01-06
210,0x00000000000000000000000000000000000000d2,1,2025-01-15
211,0x00000000000000000000000000000000000000d3,1,2025-01-01
212,0x00000000000000000000000000000000000000d4,1,2025-01-31
213,0x00000000000000000000000000000000000000d5,1,2025-01-24
214,0x00000000000000000000000000000000000000d6,1,2025-01-29
215,0x00000000000000000000000000000000000000d7,1,2025-01-24
216,0x00000000000000000000000000000000000000d8,1,2025-01-09
217,0x00000000000000000000000000000000000000d9,1,2025-01-17
218,0x00000000000000000000000000000000000000da,1,2025-01-25
219,0x00000000000000000000000000000000000000db,1,2025-01-06
220,0x00000000000000000000000000000000000000dc,1,2025-01-17
221,0x00000000000000000000000000000000000000dd,1,2025-01-30
222,0x00000000000000000000000000000000000000de,1,2025-01-04
223,0x00000000000000000000000000000000000000df,1,2025-01-28
224,0x00000000000000000000000000000000000000e0,1,2025-01-21
225,0x00000000000000000000000000000000000000e1,1,2025-01-10
226,0x00000000000000000000000000000000000000e2,1,2025-01-27
227,0x00000000000000000000000000000000000000e3,1,2025-01-21
228,0x00000000000000000000000000000000000000e4,1,2025-01-17
229,0x00000000000000000000000000000000000000e5,1,2025-01-20
230,0x00000000000000000000000000000000000000e6,1,2025-01-07
231,0x00000000000000000000000000000000000000e7,1,2025-01-05
232,0x00000000000000000000000000000000000000e8,1,2025-01-12
233,0x00000000000000000000000000000000000000e9,1,2025-01-25
234,0x00000000000000000000000000000000000000ea,1,2025-01-06
235,0x00000000000000000000000000000000000000eb,1,2025-01-18
236,0x00000000000000000000000000000000000000ec,1,2025-01-31
237,0x00000000000000000000000000000000000000ed,1,2025-01-25
238,0x00000000000000000000000000000000000000ee,1,2025-01-30
239,0x00000000000000000000000000000000000000ef,1,2025-01-17
240,0x00000000000000000000000000000000000000f0,1,2025-01-30
241,0x00000000000000000000000000000000000000f1,1,2025-01-01
242,0x00000000000000000000000000000000000000f2,1,2025-01-20
243,0x00000000000000000000000000000000000000f3,1,2025-01-11
244,0x00000000000000000000000000000000000000f4,1,2025-01-16
245,0x00000000000000000000000000000000000000f5,1,2025-01-01
246,0x00000000000000000000000000000000000000f6,1,2025-01-04
247,0x00000000000000000000000000000000000000f7,1,2025-01-30
248,0x00000000000000000000000000000000000000f8,1,2025-01-12
249,0x00000000000000000000000000000000000000f9,1,2025-01-29
250,0x00000000000000000000000000000000000000fa,1,2025-01-27
251,0x00000000000000000000000000000000000000fb,1,2025-01-26
252,0x00000000000000000000000000000000000000fc,1,2025-01-10
253,0x00000000000000000000000000000000000000fd,1,2025-01-08
254,0x00000000000000000000000000000000000000fe,1,2025-01-02
255,0x00000000000000000000000000000000000000ff,1,2025-01-08
256,0x0000000000000000000000000000000000000100,1,2025-01-29
257,0x0000000000000000000000000000000000000101,1,2025-01-19
258,0x0000000000000000000000000000000000000102,1,2025-01-31
259,0x0000000000000000000000000000000000000103,1,2025-01-03
260,0x0000000000000000000000000000000000000104,1,2025-01-03
261,0x0000000000000000000000000000000000000105,1,2025-01-24
262,0x0000000000000000000000000000000000000106,1,2025-01-16
263,0x0000000000000000000000000000000000000107,1,2025-01-27
264,0x0000000000000000000000000000000000000108,1,2025-01-03
265,0x0000000000000000000000000000000000000109,1,2025-01-25
266,0x000000000000000000000000000000000000010a,1,2025-01-18
267,0x000000000000000000000000000000000000010b,1,2025-01-25
268,0x000000000000000000000000000000000000010c,1,2025-01-05
269,0x000000000000000000000000000000000000010d,1,2025-01-05
270,0x000000000000000000000000000000000000010e,1,2025-01-22
271,0x000000000000000000000000000000000000010f,1,2025-01-16
272,0x0000000000000000000000000000000000000110,1,2025-01-31
273,0x0000000000000000000000000000000000000111,1,2025-01-18
274,0x0000000000000000000000000000000000000112,1,2025-01-06
275,0x0000000000000000000000000000000000000113,1,2025-01-09
276,0x0000000000000000000000000000000000000114,1,2025-01-17
277,0x0000000000000000000000000000000000000115,1,2025-01-28
278,0x0000000000000000000000000000000000000116,1,2025-01-20
279,0x0000000000000000000000000000000000000117,1,2025-01-14
280,0x0000000000000000000000000000000000000118,1,2025-01-31
281,0x0000000000000000000000000000000000000119,1,2025-01-07
282,0x000000000000000000000000000000000000011a,1,2025-01-30
283,0x000000000000000000000000000000000000011b,1,2025-01-18
284,0x000000000000000000000000000000000000011c,1,2025-01-25
285,0x000000000000000000000000000000000000011d,1,2025-01-24
286,0x000000000000000000000000000000000000011e,1,2025-01-23
287,0x000000000000000000000000000000000000011f,1,2025-01-07
288,0x0000000000000000000000000000000000000120,1,2025-01-23
289,0x0000000000000000000000000000000000000121,1,2025-01-10
290,0x0000000000000000000000000000000000000122,1,2025-01-13
291,0x0000000000000000000000000000000000000123,1,2025-01-22
292,0x0000000000000000000000000000000000000124,1,2025-01-21
293,0x0000000000000000000000000000000000000125,1,2025-01-12
294,0x0000000000000000000000000000000000000126,1,2025-01-15
295,0x0000000000000000000000000000000000000127,1,2025-01-29
296,0x0000000000000000000000000000000000000128,1,2025-01-17
297,0x0000000000000000000000000000000000000129,1,2025-01-15
298,0x000000000000000000000000000000000000012a,1,2025-01-04
299,0x000000000000000000000000000000000000012b,1,2025-01-08
300,0x000000000000000000000000000000000000012c,1,2025-01-08
301,0x000000000000000000000000000000000000012d,1,2025-01-03
302,0x000000000000000000000000000000000000012e,1,2025-01-11
303,0x000000000000000000000000000000000000012f,1,2025-01-01
304,0x0000000000000000000000000000000000000130,1,2025-01-19
305,0x0000000000000000000000000000000000000131,1,2025-01-18
306,0x0000000000000000000000000000000000000132,1,2025-01-08
307,0x0000000000000000000000000000000000000133,1,2025-01-19
308,0x0000000000000000000000000000000000000134,1,2025-01-08
309,0x0000000000000000000000000000000000000135,1,2025-01-01
310,0x0000000000000000000000000000000000000136,1,2025-01-03
311,0x0000000000000000000000000000000000000137,1,2025-01-23
312,0x0000000000000000000000000000000000000138,1,2025-01-21
313,0x0000000000000000000000000000000000000139,1,2025-01-02
314,0x000000000000000000000000000000000000013a,1,2025-01-08
315,0x000000000000000000000000000000000000013b,1,2025-01-03
316,0x000000000000000000000000000000000000013c,1,2025-01-29
317,0x000000000000000000000000000000000000013d,1,2025-01-02
318,0x000000000000000000000000000000000000013e,1,2025-01-28
319,0x000000000000000000000000000000000000013f,1,2025-01-11
320,0x0000000000000000000000000000000000000140,1,2025-01-03
321,0x0000000000000000000000000000000000000141,1,2025-01-17
322,0x0000000000000000000000000000000000000142,1,2025-01-08
323,0x0000000000000000000000000000000000000143,1,2025-01-09
324,0x0000000000000000000000000000000000000144,1,2025-01-22
325,0x0000000000000000000000000000000000000145,1,2025-01-16
326,0x0000000000000000000000000000000000000146,1,2025-01-07
327,0x0000000000000000000000000000000000000147,1,2025-01-18
328,0x0000000000000000000000000000000000000148,1,2025-01-05
329,0x0000000000000000000000000000000000000149,1,2025-01-24
330,0x000000000000000000000000000000000000014a,1,2025-01-30
331,0x000000000000000000000000000000000000014b,1,2025-01-29
332,0x000000000000000000000000000000000000014c,1,2025-01-19
333,0x000000000000000000000000000000000000014d,1,2025-01-19
334,0x000000000000000000000000000000000000014e,1,2025-01-16
335,0x000000000000000000000000000000000000014f,1,2025-01-08
336,0x0000000000000000000000000000000000000150,1,2025-01-26
337,0x0000000000000000000000000000000000000151,1,2025-01-16
338,0x0000000000000000000000000000000000000152,1,2025-01-26
339,0x0000000000000000000000000000000000000153,1,2025-01-14
340,0x0000000000000000000000000000000000000154,1,2025-01-07
341,0x0000000000000000000000000000000000000155,1,2025-01-04
342,0x0000000000000000000000000000000000000156,1,2025-01-04
343,0x0000000000000000000000000000000000000157,1,2025-01-22
344,0x0000000000000000000000000000000000000158,1,2025-01-14
345,0x0000000000000000000000000000000000000159,1,2025-01-12
346,0x000000000000000000000000000000000000015a,1,2025-01-14
347,0x000000000000000000000000000000000000015b,1,2025-01-14
348,0x000000000000000000000000000000000000015c,1,2025-01-15
349,0x000000000000000000000000000000000000015d,1,2025-01-28
350,0x000000000000000000000000000000000000015e,1,2025-01-24
351,0x000000000000000000000000000000000000015f,1,2025-01-02
352,0x0000000000000000000000000000000000000160,1,2025-01-22
353,0x0000000000000000000000000000000000000161,1,2025-01-21
354,0x0000000000000000000000000000000000000162,1,2025-01-21
355,0x0000000000000000000000000000000000000163,1,2025-01-04
356,0x0000000000000000000000000000000000000164,1,2025-01-02
357,0x0000000000000000000000000000000000000165,1,2025-01-13
358,0x0000000000000000000000000000000000000166,1,2025-01-24
359,0x0000000000000000000000000000000000000167,1,2025-01-11
360,0x0000000000000000000000000000000000000168,1,2025-01-26
361,0x0000000000000000000000000000000000000169,1,2025-01-28
362,0x000000000000000000000000000000000000016a,1,2025-01-04
363,0x000000000000000000000000000000000000016b,1,2025-01-08
364,0x000000000000000000000000000000000000016c,1,2025-01-07
365,0x000000000000000000000000000000000000016d,1,2025-01-07
366,0x000000000000000000000000000000000000016e,1,2025-01-18
367,0x000000000000000000000000000000000000016f,1,2025-01-15
368,0x0000000000000000000000000000000000000170,1,2025-01-05
369,0x0000000000000000000000000000000000000171,1,2025-01-14
370,0x0000000000000000000000000000000000000172,1,2025-01-06
371,0x0000000000000000000000000000000000000173,1,2025-01-09
372,0x0000000000000000000000000000000000000174,1,2025-01-15
373,0x0000000000000000000000000000000000000175,1,2025-01-08
374,0x0000000000000000000000000000000000000176,1,2025-01-28
375,0x0000000000000000000000000000000000000177,1,2025-01-30
376,0x0000000000000000000000000000000000000178,1,2025-01-03
377,0x0000000000000000000000000000000000000179,1,2025-01-15
378,0x000000000000000000000000000000000000017a,1,2025-01-26
379,0x000000000000000000000000000000000000017b,1,2025-01-28
380,0x000000000000000000000000000000000000017c,1,2025-01-28
381,0x000000000000000000000000000000000000017d,1,2025-01-18
382,0x000000000000000000000000000000000000017e,1,2025-01-04
383,0x000000000000000000000000000000000000017f,1,2025-01-02
384,0x0000000000000000000000000000000000000180,1,2025-01-21
385,0x0000000000000000000000000000000000000181,1,2025-01-18
386,0x0000000000000000000000000000000000000182,1,2025-01-27
387,0x0000000000000000000000000000000000000183,1,2025-01-01
388,0x0000000000000000000000000000000000000184,1,2025-01-03
389,0x0000000000000000000000000000000000000185,1,2025-01-30
390,0x0000000000000000000000000000000000000186,1,2025-01-25
391,0x0000000000000000000000000000000000000187,1,2025-01-28
392,0x0000000000000000000000000000000000000188,1,2025-01-08
393,0x0000000000000000000000000000000000000189,1,2025-01-06
394,0x000000000000000000000000000000000000018a,1,2025-01-14
395,0x000000000000000000000000000000000000018b,1,2025-01-16
396,0x000000000000000000000000000000000000018c,1,2025-01-16
397,0x000000000000000000000000000000000000018d,1,2025-01-07
398,0x000000000000000000000000000000000000018e,1,2025-01-28
399,0x000000000000000000000000000000000000018f,1,2025-01-13
400,0x0000000000000000000000000000000000000190,1,2025-01-29
401,0x0000000000000000000000000000000000000191,1,2025-01-02
402,0x0000000000000000000000000000000000000192,1,2025-01-06
403,0x0000000000000000000000000000000000000193,1,2025-01-13
404,0x0000000000000000000000000000000000000194,1,2025-01-01
405,0x0000000000000000000000000000000000000195,1,2025-01-13
406,0x0000000000000000000000000000000000000196,1,2025-01-09
407,0x0000000000000000000000000000000000000197,1,2025-01-30
408,0x0000000000000000000000000000000000000198,1,2025-01-26
409,0x0000000000000000000000000000000000000199,1,2025-01-26
410,0x000000000000000000000000000000000000019a,1,2025-01-15
411,0x000000000000000000000000000000000000019b,1,2025-01-10
412,0x000000000000000000000000000000000000019c,1,2025-01-14
413,0x000000000000000000000000000000000000019d,1,2025-01-23
414,0x000000000000000000000000000000000000019e,1,2025-01-31
415,0x000000000000000000000000000000000000019f,1,2025-01-24
416,0x00000000000000000000000000000000000001a0,1,2025-01-26
417,0x00000000000000000000000000000000000001a1,1,2025-01-18
418,0x00000000000000000000000000000000000001a2,1,2025-01-22
419,0x00000000000000000000000000000000000001a3,1,2025-01-23
420,0x00000000000000000000000000000000000001a4,1,2025-01-16
421,0x00000000000000000000000000000000000001a5,1,2025-01-05
422,0x00000000000000000000000000000000000001a6,1,2025-01-07
423,0x00000000000000000000000000000000000001a7,1,2025-01-10
424,0x00000000000000000000000000000000000001a8,1,2025-01-07
425,0x00000000000000000000000000000000000001a9,1,2025-01-31
426,0x00000000000000000000000000000000000001aa,1,2025-01-02
427,0x00000000000000000000000000000000000001ab,1,2025-01-19
428,0x00000000000000000000000000000000000001ac,1,2025-01-24
429,0x00000000000000000000000000000000000001ad,1,2025-01-18
430,0x00000000000000000000000000000000000001ae,1,2025-01-02
431,0x00000000000000000000000000000000000001af,1,2025-01-24
432,0x00000000000000000000000000000000000001b0,1,2025-01-11
433,0x00000000000000000000000000000000000001b1,1,2025-01-02
434,0x00000000000000000000000000000000000001b2,1,2025-01-02
435,0x00000000000000000000000000000000000001b3,1,2025-01-19
436,0x00000000000000000000000000000000000001b4,1,2025-01-16
437,0x00000000000000000000000000000000000001b5,1,2025-01-17
438,0x00000000000000000000000000000000000001b6,1,2025-01-30
439,0x00000000000000000000000000000000000001b7,1,2025-01-28
440,0x00000000000000000000000000000000000001b8,1,2025-01-17
441,0x00000000000000000000000000000000000001b9,1,2025-01-06
442,0x00000000000000000000000000000000000001ba,1,2025-01-02
443,0x00000000000000000000000000000000000001bb,1,2025-01-31
444,0x00000000000000000000000000000000000001bc,1,2025-01-17
445,0x00000000000000000000000000000000000001bd,1,2025-01-03
446,0x00000000000000000000000000000000000001be,1,2025-01-28
447,0x00000000000000000000000000000000000001bf,1,2025-01-06
448,0x00000000000000000000000000000000000001c0,1,2025-01-03
449,0x00000000000000000000000000000000000001c1,1,2025-01-20
450,0x00000000000000000000000000000000000001c2,1,2025-01-03
451,0x00000000000000000000000000000000000001c3,1,2025-01-22
452,0x00000000000000000000000000000000000001c4,1,2025-01-28
453,0x00000000000000000000000000000000000001c5,1,2025-01-08
454,0x00000000000000000000000000000000000001c6,1,2025-01-13
455,0x00000000000000000000000000000000000001c7,1,2025-01-04
456,0x00000000000000000000000000000000000001c8,1,2025-01-31
457,0x00000000000000000000000000000000000001c9,1,2025-01-29
458,0x00000000000000000000000000000000000001ca,1,2025-01-19
459,0x00000000000000000000000000000000000001cb,1,2025-01-08
460,0x00000000000000000000000000000000000001cc,1,2025-01-19
461,0x00000000000000000000000000000000000001cd,1,2025-01-20
462,0x00000000000000000000000000000000000001ce,1,2025-01-02
463,0x00000000000000000000000000000000000001cf,1,2025-01-20
464,0x00000000000000000000000000000000000001d0,1,2025-01-03
465,0x00000000000000000000000000000000000001d1,1,2025-01-14
466,0x00000000000000000000000000000000000001d2,1,2025-01-22
467,0x00000000000000000000000000000000000001d3,1,2025-01-19
468,0x00000000000000000000000000000000000001d4,1,2025-01-19
469,0x00000000000000000000000000000000000001d5,1,2025-01-17
470,0x00000000000000000000000000000000000001d6,1,2025-01-11
471,0x00000000000000000000000000000000000001d7,1,2025-01-30
472,0x00000000000000000000000000000000000001d8,1,2025-01-09
473,0x00000000000000000000000000000000000001d9,1,2025-01-07
474,0x00000000000000000000000000000000000001da,1,2025-01-22
475,0x00000000000000000000000000000000000001db,1,2025-01-23
476,0x00000000000000000000000000000000000001dc,1,2025-01-11
477,0x00000000000000000000000000000000000001dd,1,2025-01-08
478,0x00000000000000000000000000000000000001de,1,2025-01-09
479,0x00000000000000000000000000000000000001df,1,2025-01-13
480,0x00000000000000000000000000000000000001e0,1,2025-01-05
481,0x00000000000000000000000000000000000001e1,1,2025-01-22
482,0x00000000000000000000000000000000000001e2,1,2025-01-21
483,0x00000000000000000000000000000000000001e3,1,2025-01-10
484,0x00000000000000000000000000000000000001e4,1,2025-01-15
485,0x00000000000000000000000000000000000001e5,1,2025-01-11
486,0x00000000000000000000000000000000000001e6,1,2025-01-30
487,0x00000000000000000000000000000000000001e7,1,2025-01-25
488,0x00000000000000000000000000000000000001e8,1,2025-01-30
489,0x00000000000000000000000000000000000001e9,1,2025-01-03
490,0x00000000000000000000000000000000000001ea,1,2025-01-01
491,0x00000000000000000000000000000000000001eb,1,2025-01-15
492,0x00000000000000000000000000000000000001ec,1,2025-01-20
493,0x00000000000000000000000000000000000001ed,1,2025-01-19
494,0x00000000000000000000000000000000000001ee,1,2025-01-04
495,0x00000000000000000000000000000000000001ef,1,2025-01-03
496,0x00000000000000000000000000000000000001f0,1,2025-01-18
497,0x00000000000000000000000000000000000001f1,1,2025-01-07
498,0x00000000000000000000000000000000000001f2,1,2025-01-17
499,0x00000000000000000000000000000000000001f3,1,2025-01-09
500,0x00000000000000000000000000000000000001f4,1,2025-01-05
501,0x00000000000000000000000000000000000001f5,1,2025-01-30
502,0x00000000000000000000000000000000000001f6,1,2025-01-12
503,0x00000000000000000000000000000000000001f7,1,2025-01-29
504,0x00000000000000000000000000000000000001f8,1,2025-01-03
505,0x00000000000000000000000000000000000001f9,1,2025-01-29
506,0x00000000000000000000000000000000000001fa,1,2025-01-08
507,0x00000000000000000000000000000000000001fb,1,2025-01-12
508,0x00000000000000000000000000000000000001fc,1,2025-01-10
509,0x00000000000000000000000000000000000001fd,1,2025-01-06
510,0x00000000000000000000000000000000000001fe,1,2025-01-15
511,0x00000000000000000000000000000000000001ff,1,2025-01-27
512,0x0000000000000000000000000000000000000200,1,2025-01-18
513,0x0000000000000000000000000000000000000201,1,2025-01-23
514,0x0000000000000000000000000000000000000202,1,2025-01-10
515,0x0000000000000000000000000000000000000203,1,2025-01-20
516,0x0000000000000000000000000000000000000204,1,2025-01-26
517,0x0000000000000000000000000000000000000205,1,2025-01-21
518,0x0000000000000000000000000000000000000206,1,2025-01-17
519,0x0000000000000000000000000000000000000207,1,2025-01-01
520,0x0000000000000000000000000000000000000208,1,2025-01-22
521,0x0000000000000000000000000000000000000209,1,2025-01-27
522,0x000000000000000000000000000000000000020a,1,2025-01-18
523,0x000000000000000000000000000000000000020b,1,2025-01-10
524,0x000000000000000000000000000000000000020c,1,2025-01-30
525,0x000000000000000000000000000000000000020d,1,2025-01-22
526,0x000000000000000000000000000000000000020e,1,2025-01-04
527,0x000000000000000000000000000000000000020f,1,2025-01-31
528,0x0000000000000000000000000000000000000210,1,2025-01-29
529,0x0000000000000000000000000000000000000211,1,2025-01-05
530,0x0000000000000000000000000000000000000212,1,2025-01-09
531,0x0000000000000000000000000000000000000213,1,2025-01-04
532,0x0000000000000000000000000000000000000214,1,2025-01-29
533,0x0000000000000000000000000000000000000215,1,2025-01-04
534,0x0000000000000000000000000000000000000216,1,2025-01-24
535,0x0000000000000000000000000000000000000217,1,2025-01-18
536,0x0000000000000000000000000000000000000218,1,2025-01-05
537,0x0000000000000000000000000000000000000219,1,2025-01-09
538,0x000000000000000000000000000000000000021a,1,2025-01-10
539,0x000000000000000000000000000000000000021b,1,2025-01-20
540,0x000000000000000000000000000000000000021c,1,2025-01-07
541,0x000000000000000000000000000000000000021d,1,2025-01-23
542,0x000000000000000000000000000000000000021e,1,2025-01-11
543,0x000000000000000000000000000000000000021f,1,2025-01-07
544,0x0000000000000000000000000000000000000220,1,2025-01-22
545,0x0000000000000000000000000000000000000221,1,2025-01-21
546,0x0000000000000000000000000000000000000222,1,2025-01-28
547,0x0000000000000000000000000000000000000223,1,2025-01-09
548,0x0000000000000000000000000000000000000224,1,2025-01-17
549,0x0000000000000000000000000000000000000225,1,2025-01-16
550,0x0000000000000000000000000000000000000226,1,2025-01-09
551,0x0000000000000000000000000000000000000227,1,2025-01-29
552,0x0000000000000000000000000000000000000228,1,2025-01-30
553,0x0000000000000000000000000000000000000229,1,2025-01-28
554,0x000000000000000000000000000000000000022a,1,2025-01-02
555,0x000000000000000000000000000000000000022b,1,2025-01-03
556,0x000000000000000000000000000000000000022c,1,2025-01-21
557,0x000000000000000000000000000000000000022d,1,2025-01-14
558,0x000000000000000000000000000000000000022e,1,2025-01-27
559,0x000000000000000000000000000000000000022f,1,2025-01-09
560,0x0000000000000000000000000000000000000230,1,2025-01-02
561,0x0000000000000000000000000000000000000231,1,2025-01-01
562,0x0000000000000000000000000000000000000232,1,2025-01-11
563,0x0000000000000000000000000000000000000233,1,2025-01-25
564,0x0000000000000000000000000000000000000234,1,2025-01-05
565,0x0000000000000000000000000000000000000235,1,2025-01-21
566,0x0000000000000000000000000000000000000236,1,2025-01-09
567,0x0000000000000000000000000000000000000237,1,2025-01-06
568,0x0000000000000000000000000000000000000238,1,2025-01-24
569,0x0000000000000000000000000000000000000239,1,2025-01-15
570,0x000000000000000000000000000000000000023a,1,2025-01-18
571,0x000000000000000000000000000000000000023b,1,2025-01-23
572,0x000000000000000000000000000000000000023c,1,2025-01-14
573,0x000000000000000000000000000000000000023d,1,2025-01-18
574,0x000000000000000000000000000000000000023e,1,2025-01-01
575,0x000000000000000000000000000000000000023f,1,2025-01-04
576,0x0000000000000000000000000000000000000240,1,2025-01-03
577,0x0000000000000000000000000000000000000241,1,2025-01-31
578,0x0000000000000000000000000000000000000242,1,2025-01-29
579,0x0000000000000000000000000000000000000243,1,2025-01-23
580,0x0000000000000000000000000000000000000244,1,2025-01-29
581,0x0000000000000000000000000000000000000245,1,2025-01-05
582,0x0000000000000000000000000000000000000246,1,2025-01-18
583,0x0000000000000000000000000000000000000247,1,2025-01-02
584,0x0000000000000000000000000000000000000248,1,2025-01-27
585,0x0000000000000000000000000000000000000249,1,2025-01-12
586,0x000000000000000000000000000000000000024a,1,2025-01-19
587,0x000000000000000000000000000000000000024b,1,2025-01-18
588,0x000000000000000000000000000000000000024c,1,2025-01-05
589,0x000000000000000000000000000000000000024d,1,2025-01-14
590,0x000000000000000000000000000000000000024e,1,2025-01-05
591,0x000000000000000000000000000000000000024f,1,2025-01-02
592,0x0000000000000000000000000000000000000250,1,2025-01-10
593,0x0000000000000000000000000000000000000251,1,2025-01-12
594,0x0000000000000000000000000000000000000252,1,2025-01-29
595,0x0000000000000000000000000000000000000253,1,2025-01-30
596,0x0000000000000000000000000000000000000254,1,2025-01-26
597,0x0000000000000000000000000000000000000255,1,2025-01-28
598,0x0000000000000000000000000000000000000256,1,2025-01-02
599,0x0000000000000000000000000000000000000257,1,2025-01-29
600,0x0000000000000000000000000000000000000258,1,2025-01-12
601,0x0000000000000000000000000000000000000259,1,2025-01-07
602,0x000000000000000000000000000000000000025a,1,2025-01-22
603,0x000000000000000000000000000000000000025b,1,2025-01-08
604,0x000000000000000000000000000000000000025c,1,2025-01-22
605,0x000000000000000000000000000000000000025d,1,2025-01-04
606,0x000000000000000000000000000000000000025e,1,2025-01-12
607,0x000000000000000000000000000000000000025f,1,2025-01-25
608,0x0000000000000000000000000000000000000260,1,2025-01-18
609,0x0000000000000000000000000000000000000261,1,2025-01-29
610,0x0000000000000000000000000000000000000262,1,2025-01-28
611,0x0000000000000000000000000000000000000263,1,2025-01-14
612,0x0000000000000000000000000000000000000264,1,2025-01-20
613,0x0000000000000000000000000000000000000265,1,2025-01-24
614,0x0000000000000000000000000000000000000266,1,2025-01-05
615,0x0000000000000000000000000000000000000267,1,2025-01-30
616,0x0000000000000000000000000000000000000268,1,2025-01-30
617,0x0000000000000000000000000000000000000269,1,2025-01-08
618,0x000000000000000000000000000000000000026a,1,2025-01-28
619,0x000000000000000000000000000000000000026b,1,2025-01-06
620,0x000000000000000000000000000000000000026c,1,2025-01-26
621,0x000000000000000000000000000000000000026d,1,2025-01-26
622,0x000000000000000000000000000000000000026e,1,2025-01-06
623,0x000000000000000000000000000000000000026f,1,2025-01-29
624,0x0000000000000000000000000000000000000270,1,2025-01-14
625,0x0000000000000000000000000000000000000271,1,2025-01-01
626,0x0000000000000000000000000000000000000272,1,2025-01-06
627,0x0000000000000000000000000000000000000273,1,2025-01-24
628,0x0000000000000000000000000000000000000274,1,2025-01-30
629,0x0000000000000000000000000000000000000275,1,2025-01-11
630,0x0000000000000000000000000000000000000276,1,2025-01-26
631,0x0000000000000000000000000000000000000277,1,2025-01-30
632,0x0000000000000000000000000000000000000278,1,2025-01-14
633,0x0000000000000000000000000000000000000279,1,2025-01-26
634,0x000000000000000000000000000000000000027a,1,2025-01-22
635,0x000000000000000000000000000000000000027b,1,2025-01-28
636,0x000000000000000000000000000000000000027c,1,2025-01-24
637,0x000000000000000000000000000000000000027d,1,2025-01-26
638,0x000000000000000000000000000000000000027e,1,2025-01-08
639,0x000000000000000000000000000000000000027f,1,2025-01-09
640,0x0000000000000000000000000000000000000280,1,2025-01-06
641,0x0000000000000000000000000000000000000281,1,2025-01-26
642,0x0000000000000000000000000000000000000282,1,2025-01-23
643,0x0000000000000000000000000000000000000283,1,2025-01-04
644,0x0000000000000000000000000000000000000284,1,2025-01-13
645,0x0000000000000000000000000000000000000285,1,2025-01-28
646,0x0000000000000000000000000000000000000286,1,2025-01-02
647,0x0000000000000000000000000000000000000287,1,2025-01-28
648,0x0000000000000000000000000000000000000288,1,2025-01-16
649,0x0000000000000000000000000000000000000289,1,2025-01-08
650,0x000000000000000000000000000000000000028a,1,2025-01-07
651,0x000000000000000000000000000000000000028b,1,2025-01-27
652,0x000000000000000000000000000000000000028c,1,2025-01-30
653,0x000000000000000000000000000000000000028d,1,2025-01-15
654,0x000000000000000000000000000000000000028e,1,2025-01-12
655,0x000000000000000000000000000000000000028f,1,2025-01-10
656,0x0000000000000000000000000000000000000290,1,2025-01-27
657,0x0000000000000000000000000000000000000291,1,2025-01-26
658,0x0000000000000000000000000000000000000292,1,2025-01-28
659,0x0000000000000000000000000000000000000293,1,2025-01-08
660,0x0000000000000000000000000000000000000294,1,2025-01-08
661,0x0000000000000000000000000000000000000295,1,2025-01-01
662,0x0000000000000000000000000000000000000296,1,2025-01-22
663,0x0000000000000000000000000000000000000297,1,2025-01-07
664,0x0000000000000000000000000000000000000298,1,2025-01-13
665,0x0000000000000000000000000000000000000299,1,2025-01-11
666,0x000000000000000000000000000000000000029a,1,2025-01-09
667,0x000000000000000000000000000000000000029b,1,2025-01-28
668,0x000000000000000000000000000000000000029c,1,2025-01-03
669,0x000000000000000000000000000000000000029d,1,2025-01-31
670,0x000000000000000000000000000000000000029e,1,2025-01-25
671,0x000000000000000000000000000000000000029f,1,2025-01-09
672,0x00000000000000000000000000000000000002a0,1,2025-01-12
673,0x00000000000000000000000000000000000002a1,1,2025-01-21
674,0x00000000000000000000000000000000000002a2,1,2025-01-17
675,0x00000000000000000000000000000000000002a3,1,2025-01-13
676,0x00000000000000000000000000000000000002a4,1,2025-01-22
677,0x00000000000000000000000000000000000002a5,1,2025-01-27
678,0x00000000000000000000000000000000000002a6,1,2025-01-18
679,0x00000000000000000000000000000000000002a7,1,2025-01-11
680,0x00000000000000000000000000000000000002a8,1,2025-01-31
681,0x00000000000000000000000000000000000002a9,1,2025-01-01
682,0x00000000000000000000000000000000000002aa,1,2025-01-04
683,0x00000000000000000000000000000000000002ab,1,2025-01-29
684,0x00000000000000000000000000000000000002ac,1,2025-01-09
685,0x00000000000000000000000000000000000002ad,1,2025-01-06
686,0x00000000000000000000000000000000000002ae,1,2025-01-19
687,0x00000000000000000000000000000000000002af,1,2025-01-31
688,0x00000000000000000000000000000000000002b0,1,2025-01-09
689,0x00000000000000000000000000000000000002b1,1,2025-01-02
690,0x00000000000000000000000000000000000002b2,1,2025-01-04
691,0x00000000000000000000000000000000000002b3,1,2025-01-20
692,0x00000000000000000000000000000000000002b4,1,2025-01-14
693,0x00000000000000000000000000000000000002b5,1,2025-01-12
694,0x00000000000000000000000000000000000002b6,1,2025-01-24
695,0x00000000000000000000000000000000000002b7,1,2025-01-26
696,0x00000000000000000000000000000000000002b8,1,2025-01-11
697,0x00000000000000000000000000000000000002b9,1,2025-01-14
698,0x00000000000000000000000000000000000002ba,1,2025-01-20
699,0x00000000000000000000000000000000000002bb,1,2025-01-17
700,0x00000000000000000000000000000000000002bc,1,2025-01-04
701,0x00000000000000000000000000000000000002bd,1,2025-01-13
702,0x00000000000000000000000000000000000002be,1,2025-01-29
703,0x00000000000000000000000000000000000002bf,1,2025-01-19
704,0x00000000000000000000000000000000000002c0,1,2025-01-07
705,0x00000000000000000000000000000000000002c1,1,2025-01-09
706,0x00000000000000000000000000000000000002c2,1,2025-01-02
707,0x00000000000000000000000000000000000002c3,1,2025-01-23
708,0x00000000000000000000000000000000000002c4,1,2025-01-14
709,0x00000000000000000000000000000000000002c5,1,2025-01-01
710,0x00000000000000000000000000000000000002c6,1,2025-01-17
711,0x00000000000000000000000000000000000002c7,1,2025-01-30
712,0x00000000000000000000000000000000000002c8,1,2025-01-26
713,0x00000000000000000000000000000000000002c9,1,2025-01-18
714,0x00000000000000000000000000000000000002ca,1,2025-01-22
715,0x00000000000000000000000000000000000002cb,1,2025-01-24
716,0x00000000000000000000000000000000000002cc,1,2025-01-31
717,0x00000000000000000000000000000000000002cd,1,2025-01-24
718,0x00000000000000000000000000000000000002ce,1,2025-01-24
719,0x00000000000000000000000000000000000002cf,1,2025-01-22
720,0x00000000000000000000000000000000000002d0,1,2025-01-07
721,0x00000000000000000000000000000000000002d1,1,2025-01-12
722,0x00000000000000000000000000000000000002d2,1,2025-01-14
723,0x00000000000000000000000000000000000002d3,1,2025-01-03
724,0x00000000000000000000000000000000000002d4,1,2025-01-31
725,0x00000000000000000000000000000000000002d5,1,2025-01-22
726,0x00000000000000000000000000000000000002d6,1,2025-01-30
727,0x00000000000000000000000000000000000002d7,1,2025-01-11
728,0x00000000000000000000000000000000000002d8,1,2025-01-20
729,0x00000000000000000000000000000000000002d9,1,2025-01-11
730,0x00000000000000000000000000000000000002da,1,2025-01-22
731,0x00000000000000000000000000000000000002db,1,2025-01-28
732,0x00000000000000000000000000000000000002dc,1,2025-01-04
733,0x00000000000000000000000000000000000002dd,1,2025-01-24
734,0x00000000000000000000000000000000000002de,1,2025-01-29
735,0x00000000000000000000000000000000000002df,1,2025-01-10
736,0x00000000000000000000000000000000000002e0,1,2025-01-17
737,0x00000000000000000000000000000000000002e1,1,2025-01-10
738,0x00000000000000000000000000000000000002e2,1,2025-01-22
739,0x00000000000000000000000000000000000002e3,1,2025-01-14
740,0x00000000000000000000000000000000000002e4,1,2025-01-11
741,0x00000000000000000000000000000000000002e5,1,2025-01-13
742,0x00000000000000000000000000000000000002e6,1,2025-01-23
743,0x00000000000000000000000000000000000002e7,1,2025-01-10
744,0x00000000000000000000000000000000000002e8,1,2025-01-18
745,0x00000000000000000000000000000000000002e9,1,2025-01-05
746,0x00000000000000000000000000000000000002ea,1,2025-01-07
747,0x00000000000000000000000000000000000002eb,1,2025-01-14
748,0x00000000000000000000000000000000000002ec,1,2025-01-22
749,0x00000000000000000000000000000000000002ed,1,2025-01-31
750,0x00000000000000000000000000000000000002ee,1,2025-01-13
751,0x00000000000000000000000000000000000002ef,1,2025-01-22
752,0x00000000000000000000000000000000000002f0,1,2025-01-24
753,0x00000000000000000000000000000000000002f1,1,2025-01-29
754,0x00000000000000000000000000000000000002f2,1,2025-01-06
755,0x00000000000000000000000000000000000002f3,1,2025-01-20
756,0x00000000000000000000000000000000000002f4,1,2025-01-19
757,0x00000000000000000000000000000000000002f5,1,2025-01-10
758,0x00000000000000000000000000000000000002f6,1,2025-01-13
759,0x00000000000000000000000000000000000002f7,1,2025-01-18
760,0x00000000000000000000000000000000000002f8,1,2025-01-27
761,0x00000000000000000000000000000000000002f9,1,2025-01-01
762,0x00000000000000000000000000000000000002fa,1,2025-01-10
763,0x00000000000000000000000000000000000002fb,1,2025-01-10
764,0x00000000000000000000000000000000000002fc,1,2025-01-07
765,0x00000000000000000000000000000000000002fd,1,2025-01-14
766,0x00000000000000000000000000000000000002fe,1,2025-01-26
767,0x00000000000000000000000000000000000002ff,1,2025-01-19
768,0x0000000000000000000000000000000000000300,1,2025-01-20
769,0x0000000000000000000000000000000000000301,1,2025-01-21
770,0x0000000000000000000000000000000000000302,1,2025-01-11
771,0x0000000000000000000000000000000000000303,1,2025-01-15
772,0x0000000000000000000000000000000000000304,1,2025-01-15
773,0x0000000000000000000000000000000000000305,1,2025-01-15
774,0x0000000000000000000000000000000000000306,1,2025-01-22
775,0x0000000000000000000000000000000000000307,1,2025-01-07
776,0x0000000000000000000000000000000000000308,1,2025-01-17
777,0x0000000000000000000000000000000000000309,1,2025-01-16
778,0x000000000000000000000000000000000000030a,1,2025-01-26
779,0x000000000000000000000000000000000000030b,1,2025-01-29
780,0x000000000000000000000000000000000000030c,1,2025-01-31
781,0x000000000000000000000000000000000000030d,1,2025-01-26
782,0x000000000000000000000000000000000000030e,1,2025-01-24
783,0x000000000000000000000000000000000000030f,1,2025-01-06
784,0x0000000000000000000000000000000000000310,1,2025-01-22
785,0x0000000000000000000000000000000000000311,1,2025-01-03
786,0x0000000000000000000000000000000000000312,1,2025-01-10
787,0x0000000000000000000000000000000000000313,1,2025-01-17
788,0x0000000000000000000000000000000000000314,1,2025-01-22
789,0x0000000000000000000000000000000000000315,1,2025-01-21
790,0x0000000000000000000000000000000000000316,1,2025-01-20
791,0x0000000000000000000000000000000000000317,1,2025-01-11
792,0x0000000000000000000000000000000000000318,1,2025-01-03
793,0x0000000000000000000000000000000000000319,1,2025-01-27
794,0x000000000000000000000000000000000000031a,1,2025-01-31
795,0x000000000000000000000000000000000000031b,1,2025-01-25
796,0x000000000000000000000000000000000000031c,1,2025-01-08
797,0x000000000000000000000000000000000000031d,1,2025-01-22
798,0x000000000000000000000000000000000000031e,1,2025-01-10
799,0x000000000000000000000000000000000000031f,1,2025-01-08
800,0x0000000000000000000000000000000000000320,1,2025-01-26
801,0x0000000000000000000000000000000000000321,1,2025-01-07
802,0x0000000000000000000000000000000000000322,1,2025-01-05
803,0x0000000000000000000000000000000000000323,1,2025-01-01
804,0x0000000000000000000000000000000000000324,1,2025-01-02
805,0x0000000000000000000000000000000000000325,1,2025-01-08
806,0x0000000000000000000000000000000000000326,1,2025-01-16
807,0x0000000000000000000000000000000000000327,1,2025-01-20
808,0x0000000000000000000000000000000000000328,1,2025-01-28
809,0x0000000000000000000000000000000000000329,1,2025-01-25
810,0x000000000000000000000000000000000000032a,1,2025-01-03
811,0x000000000000000000000000000000000000032b,1,2025-01-15
812,0x000000000000000000000000000000000000032c,1,2025-01-14
813,0x000000000000000000000000000000000000032d,1,2025-01-29
814,0x000000000000000000000000000000000000032e,1,2025-01-21
815,0x000000000000000000000000000000000000032f,1,2025-01-19
816,0x0000000000000000000000000000000000000330,1,2025-01-07
817,0x0000000000000000000000000000000000000331,1,2025-01-23
818,0x0000000000000000000000000000000000000332,1,2025-01-23
819,0x0000000000000000000000000000000000000333,1,2025-01-13
820,0x0000000000000000000000000000000000000334,1,2025-01-16
821,0x0000000000000000000000000000000000000335,1,2025-01-13
822,0x0000000000000000000000000000000000000336,1,2025-01-08
823,0x0000000000000000000000000000000000000337,1,2025-01-05
824,0x0000000000000000000000000000000000000338,1,2025-01-21
825,0x0000000000000000000000000000000000000339,1,2025-01-23
826,0x000000000000000000000000000000000000033a,1,2025-01-01
827,0x000000000000000000000000000000000000033b,1,2025-01-29
828,0x000000000000000000000000000000000000033c,1,2025-01-25
829,0x000000000000000000000000000000000000033d,1,2025-01-28
830,0x000000000000000000000000000000000000033e,1,2025-01-25
831,0x000000000000000000000000000000000000033f,1,2025-01-29
832,0x0000000000000000000000000000000000000340,1,2025-01-04
833,0x0000000000000000000000000000000000000341,1,2025-01-25
834,0x0000000000000000000000000000000000000342,1,2025-01-14
835,0x0000000000000000000000000000000000000343,1,2025-01-08
836,0x0000000000000000000000000000000000000344,1,2025-01-06
837,0x0000000000000000000000000000000000000345,1,2025-01-26
838,0x0000000000000000000000000000000000000346,1,2025-01-31
839,0x0000000000000000000000000000000000000347,1,2025-01-23
840,0x0000000000000000000000000000000000000348,1,2025-01-17
841,0x0000000000000000000000000000000000000349,1,2025-01-15
842,0x000000000000000000000000000000000000034a,1,2025-01-02
843,0x000000000000000000000000000000000000034b,1,2025-01-18
844,0x000000000000000000000000000000000000034c,1,2025-01-08
845,0x000000000000000000000000000000000000034d,1,2025-01-30
846,0x000000000000000000000000000000000000034e,1,2025-01-28
847,0x000000000000000000000000000000000000034f,1,2025-01-04
848,0x0000000000000000000000000000000000000350,1,2025-01-15
849,0x0000000000000000000000000000000000000351,1,2025-01-05
850,0x0000000000000000000000000000000000000352,1,2025-01-26
851,0x0000000000000000000000000000000000000353,1,2025-01-15
852,0x0000000000000000000000000000000000000354,1,2025-01-22
853,0x0000000000000000000000000000000000000355,1,2025-01-17
854,0x0000000000000000000000000000000000000356,1,2025-01-18
855,0x0000000000000000000000000000000000000357,1,2025-01-20
856,0x0000000000000000000000000000000000000358,1,2025-01-11
857,0x0000000000000000000000000000000000000359,1,2025-01-31
858,0x000000000000000000000000000000000000035a,1,2025-01-25
859,0x000000000000000000000000000000000000035b,1,2025-01-29
860,0x000000000000000000000000000000000000035c,1,2025-01-15
861,0x000000000000000000000000000000000000035d,1,2025-01-20
862,0x000000000000000000000000000000000000035e,1,2025-01-27
863,0x000000000000000000000000000000000000035f,1,2025-01-24
864,0x0000000000000000000000000000000000000360,1,2025-01-29
865,0x0000000000000000000000000000000000000361,1,2025-01-17
866,0x0000000000000000000000000000000000000362,1,2025-01-14
867,0x0000000000000000000000000000000000000363,1,2025-01-27
868,0x0000000000000000000000000000000000000364,1,2025-01-30
869,0x0000000000000000000000000000000000000365,1,2025-01-18
870,0x0000000000000000000000000000000000000366,1,2025-01-15
871,0x0000000000000000000000000000000000000367,1,2025-01-29
872,0x0000000000000000000000000000000000000368,1,2025-01-06
873,0x0000000000000000000000000000000000000369,1,2025-01-24
874,0x000000000000000000000000000000000000036a,1,2025-01-28
875,0x000000000000000000000000000000000000036b,1,2025-01-16
876,0x000000000000000000000000000000000000036c,1,2025-01-15
877,0x000000000000000000000000000000000000036d,1,2025-01-09
878,0x000000000000000000000000000000000000036e,1,2025-01-25
879,0x000000000000000000000000000000000000036f,1,2025-01-08
880,0x0000000000000000000000000000000000000370,1,2025-01-27
881,0x0000000000000000000000000000000000000371,1,2025-01-21
882,0x0000000000000000000000000000000000000372,1,2025-01-09
883,0x0000000000000000000000000000000000000373,1,2025-01-25
884,0x0000000000000000000000000000000000000374,1,2025-01-25
885,0x0000000000000000000000000000000000000375,1,2025-01-17
886,0x0000000000000000000000000000000000000376,1,2025-01-16
887,0x0000000000000000000000000000000000000377,1,2025-01-21
888,0x0000000000000000000000000000000000000378,1,2025-01-08
889,0x0000000000000000000000000000000000000379,1,2025-01-09
890,0x000000000000000000000000000000000000037a,1,2025-01-15
891,0x000000000000000000000000000000000000037b,1,2025-01-03
892,0x000000000000000000000000000000000000037c,1,2025-01-23
893,0x000000000000000000000000000000000000037d,1,2025-01-10
894,0x000000000000000000000000000000000000037e,1,2025-01-08
895,0x000000000000000000000000000000000000037f,1,2025-01-09
896,0x0000000000000000000000000000000000000380,1,2025-01-11
897,0x0000000000000000000000000000000000000381,1,2025-01-11
898,0x0000000000000000000000000000000000000382,1,2025-01-29
899,0x0000000000000000000000000000000000000383,1,2025-01-18
900,0x0000000000000000000000000000000000000384,1,2025-01-03
901,0x0000000000000000000000000000000000000385,1,2025-01-05
902,0x0000000000000000000000000000000000000386,1,2025-01-05
903,0x0000000000000000000000000000000000000387,1,2025-01-08
904,0x0000000000000000000000000000000000000388,1,2025-01-13
905,0x0000000000000000000000000000000000000389,1,2025-01-23
906,0x000000000000000000000000000000000000038a,1,2025-01-05
907,0x000000000000000000000000000000000000038b,1,2025-01-23
908,0x000000000000000000000000000000000000038c,1,2025-01-07
909,0x000000000000000000000000000000000000038d,1,2025-01-03
910,0x000000000000000000000000000000000000038e,1,2025-01-14
911,0x000000000000000000000000000000000000038f,1,2025-01-14
912,0x0000000000000000000000000000000000000390,1,2025-01-11
913,0x0000000000000000000000000000000000000391,1,2025-01-18
914,0x0000000000000000000000000000000000000392,1,2025-01-15
915,0x0000000000000000000000000000000000000393,1,2025-01-14
916,0x0000000000000000000000000000000000000394,1,2025-01-02
917,0x0000000000000000000000000000000000000395,1,2025-01-07
918,0x0000000000000000000000000000000000000396,1,2025-01-27
919,0x0000000000000000000000000000000000000397,1,2025-01-14
920,0x0000000000000000000000000000000000000398,1,2025-01-13
921,0x0000000000000000000000000000000000000399,1,2025-01-29
922,0x000000000000000000000000000000000000039a,1,2025-01-25
923,0x000000000000000000000000000000000000039b,1,2025-01-19
924,0x000000000000000000000000000000000000039c,1,2025-01-31
925,0x000000000000000000000000000000000000039d,1,2025-01-23
926,0x000000000000000000000000000000000000039e,1,2025-01-01
927,0x000000000000000000000000000000000000039f,1,2025-01-28
928,0x00000000000000000000000000000000000003a0,1,2025-01-29
929,0x00000000000000000000000000000000000003a1,1,2025-01-25
930,0x00000000000000000000000000000000000003a2,1,2025-01-19
931,0x00000000000000000000000000000000000003a3,1,2025-01-13
932,0x00000000000000000000000000000000000003a4,1,2025-01-16
933,0x00000000000000000000000000000000000003a5,1,2025-01-01
934,0x00000000000000000000000000000000000003a6,1,2025-01-31
935,0x00000000000000000000000000000000000003a7,1,2025-01-12
936,0x00000000000000000000000000000000000003a8,1,2025-01-10
937,0x00000000000000000000000000000000000003a9,1,2025-01-25
938,0x00000000000000000000000000000000000003aa,1,2025-01-13
939,0x00000000000000000000000000000000000003ab,1,2025-01-28
940,0x00000000000000000000000000000000000003ac,1,2025-01-29
941,0x00000000000000000000000000000000000003ad,1,2025-01-31
942,0x00000000000000000000000000000000000003ae,1,2025-01-27
943,0x00000000000000000000000000000000000003af,1,2025-01-14
944,0x00000000000000000000000000000000000003b0,1,2025-01-18
945,0x00000000000000000000000000000000000003b1,1,2025-01-24
946,0x00000000000000000000000000000000000003b2,1,2025-01-24
947,0x00000000000000000000000000000000000003b3,1,2025-01-18
948,0x00000000000000000000000000000000000003b4,1,2025-01-26
949,0x00000000000000000000000000000000000003b5,1,2025-01-20
950,0x00000000000000000000000000000000000003b6,1,2025-01-29
951,0x00000000000000000000000000000000000003b7,1,2025-01-08
952,0x00000000000000000000000000000000000003b8,1,2025-01-16
953,0x00000000000000000000000000000000000003b9,1,2025-01-08
954,0x00000000000000000000000000000000000003ba,1,2025-01-09
955,0x00000000000000000000000000000000000003bb,1,2025-01-14
956,0x00000000000000000000000000000000000003bc,1,2025-01-16
957,0x00000000000000000000000000000000000003bd,1,2025-01-01
958,0x00000000000000000000000000000000000003be,1,2025-01-13
959,0x00000000000000000000000000000000000003bf,1,2025-01-11
960,0x00000000000000000000000000000000000003c0,1,2025-01-22
961,0x00000000000000000000000000000000000003c1,1,2025-01-22
962,0x00000000000000000000000000000000000003c2,1,2025-01-26
963,0x00000000000000000000000000000000000003c3,1,2025-01-13
964,0x00000000000000000000000000000000000003c4,1,2025-01-24
965,0x00000000000000000000000000000000000003c5,1,2025-01-06
966,0x00000000000000000000000000000000000003c6,1,2025-01-27
967,0x00000000000000000000000000000000000003c7,1,2025-01-15
968,0x00000000000000000000000000000000000003c8,1,2025-01-30
969,0x00000000000000000000000000000000000003c9,1,2025-01-05
970,0x00000000000000000000000000000000000003ca,1,2025-01-20
971,0x00000000000000000000000000000000000003cb,1,2025-01-18
972,0x00000000000000000000000000000000000003cc,1,2025-01-01
973,0x00000000000000000000000000000000000003cd,1,2025-01-30
974,0x00000000000000000000000000000000000003ce,1,2025-01-13
975,0x00000000000000000000000000000000000003cf,1,2025-01-19
976,0x00000000000000000000000000000000000003d0,1,2025-01-19
977,0x00000000000000000000000000000000000003d1,1,2025-01-22
978,0x00000000000000000000000000000000000003d2,1,2025-01-01
979,0x00000000000000000000000000000000000003d3,1,2025-01-03
980,0x00000000000000000000000000000000000003d4,1,2025-01-21
981,0x00000000000000000000000000000000000003d5,1,2025-01-14
982,0x00000000000000000000000000000000000003d6,1,2025-01-05
983,0x00000000000000000000000000000000000003d7,1,2025-01-28
984,0x00000000000000000000000000000000000003d8,1,2025-01-15
985,0x00000000000000000000000000000000000003d9,1,2025-01-06
986,0x00000000000000000000000000000000000003da,1,2025-01-02
987,0x00000000000000000000000000000000000003db,1,2025-01-09
988,0x00000000000000000000000000000000000003dc,1,2025-01-13
989,0x00000000000000000000000000000000000003dd,1,2025-01-11
990,0x00000000000000000000000000000000000003de,1,2025-01-07
991,0x00000000000000000000000000000000000003df,1,2025-01-15
992,0x00000000000000000000000000000000000003e0,1,2025-01-11
993,0x00000000000000000000000000000000000003e1,1,2025-01-11
994,0x00000000000000000000000000000000000003e2,1,2025-01-25
995,0x00000000000000000000000000000000000003e3,1,2025-01-29
996,0x00000000000000000000000000000000000003e4,1,2025-01-13
997,0x00000000000000000000000000000000000003e5,1,2025-01-09
998,0x00000000000000000000000000000000000003e6,1,2025-01-25
999,0x00000000000000000000000000000000000003e7,1,2025-01-31
1000,0x00000000000000000000000000000000000003e8,1,2025-01-27
