account_id,future_liquidation_count,future_borrow_count,future_repay_count,future_failed_tx_ratio,risk_label,risk_label_id
1,0.0,0.0,10.0,0.0,LOW,0
2,1.0,2.0,0.0,0.125,MEDIUM,1
3,0.0,0.0,4.0,0.2,HIGH,2
4,1.0,0.0,2.0,0.0,MEDIUM,1
5,0.0,0.0,0.0,0.0,LOW,0
6,1.0,2.0,1.0,0.0,MEDIUM,1
7,0.0,0.0,11.0,0.0,LOW,0
8,0.0,0.0,0.0,0.0,LOW,0
9,2.0,2.0,0.0,0.16666666666666666,HIGH,2
10,0.0,0.0,13.0,0.0,LOW,0
11,0.0,0.0,7.0,0.0,LOW,0
12,0.0,0.0,5.0,0.0,LOW,0
13,0.0,2.0,4.0,0.2,HIGH,2
14,0.0,1.0,2.0,0.125,MEDIUM,1
15,0.0,1.0,3.0,0.0,LOW,0
16,0.0,0.0,5.0,0.0,LOW,0
17,0.0,0.0,0.0,0.0,LOW,0
18,0.0,1.0,0.0,0.3333333333333333,HIGH,2
19,0.0,1.0,1.0,0.16666666666666666,MEDIUM,1
20,0.0,0.0,4.0,0.0,LOW,0
21,0.0,0.0,0.0,0.0,LOW,0
22,0.0,0.0,9.0,0.09090909090909091,LOW,0
23,3.0,3.0,0.0,0.0,HIGH,2
24,1.0,1.0,0.0,0.0,MEDIUM,1
25,0.0,0.0,4.0,0.0,LOW,0
26,0.0,0.0,4.0,0.0,LOW,0
27,0.0,1.0,1.0,0.2,HIGH,2
28,0.0,0.0,3.0,0.0,LOW,0
29,2.0,2.0,2.0,0.0,HIGH,2
30,0.0,1.0,3.0,0.0,LOW,0
31,1.0,3.0,0.0,0.0,MEDIUM,1
32,0.0,0.0,3.0,0.0,LOW,0
33,2.0,4.0,1.0,0.125,HIGH,2
34,0.0,1.0,1.0,0.0,LOW,0
35,0.0,0.0,7.0,0.0,LOW,0
36,0.0,1.0,4.0,0.0,LOW,0
37,0.0,1.0,7.0,0.0,LOW,0
38,0.0,0.0,8.0,0.0,LOW,0
39,0.0,0.0,4.0,0.0,LOW,0
40,0.0,0.0,5.0,0.0,LOW,0
41,1.0,1.0,4.0,0.0,MEDIUM,1
42,1.0,1.0,4.0,0.14285714285714285,MEDIUM,1
43,0.0,2.0,7.0,0.0,LOW,0
44,0.0,0.0,0.0,0.0,LOW,0
45,1.0,0.0,3.0,0.0,MEDIUM,1
46,0.0,0.0,6.0,0.0,LOW,0
47,0.0,1.0,6.0,0.1111111111111111,MEDIUM,1
48,0.0,0.0,5.0,0.0,LOW,0
49,0.0,0.0,0.0,0.0,LOW,0
50,0.0,0.0,5.0,0.0,LOW,0
51,0.0,1.0,8.0,0.08333333333333333,LOW,0
52,0.0,1.0,3.0,0.0,LOW,0
53,0.0,0.0,2.0,0.0,LOW,0
54,1.0,2.0,0.0,0.0,MEDIUM,1
55,0.0,1.0,5.0,0.125,MEDIUM,1
56,0.0,0.0,0.0,0.0,LOW,0
57,0.0,0.0,8.0,0.0,LOW,0
58,0.0,0.0,7.0,0.0,LOW,0
59,0.0,0.0,2.0,0.0,LOW,0
60,0.0,0.0,4.0,0.0,LOW,0
61,1.0,1.0,1.0,0.0,MEDIUM,1
62,1.0,0.0,2.0,0.0,MEDIUM,1
63,0.0,0.0,8.0,0.0,LOW,0
64,0.0,0.0,2.0,0.0,LOW,0
65,0.0,1.0,0.0,0.3333333333333333,HIGH,2
66,0.0,0.0,5.0,0.0,LOW,0
67,0.0,0.0,0.0,0.0,LOW,0
68,0.0,1.0,4.0,0.0,LOW,0
69,0.0,0.0,6.0,0.0,LOW,0
70,0.0,0.0,0.0,0.0,LOW,0
71,0.0,2.0,2.0,0.0,LOW,0
72,0.0,1.0,6.0,0.0,LOW,0
73,0.0,0.0,0.0,0.14285714285714285,MEDIUM,1
74,0.0,0.0,1.0,0.0,LOW,0
75,0.0,0.0,3.0,0.0,LOW,0
76,0.0,0.0,2.0,0.2,HIGH,2
77,0.0,0.0,7.0,0.0,LOW,0
78,0.0,1.0,1.0,0.0,LOW,0
79,0.0,0.0,4.0,0.0,LOW,0
80,0.0,0.0,9.0,0.0,LOW,0
81,0.0,1.0,8.0,0.0,LOW,0
82,1.0,2.0,2.0,0.14285714285714285,MEDIUM,1
83,0.0,1.0,3.0,0.0,LOW,0
84,0.0,1.0,8.0,0.07692307692307693,LOW,0
85,0.0,0.0,0.0,0.0,LOW,0
86,0.0,1.0,4.0,0.0,LOW,0
87,0.0,0.0,4.0,0.0,LOW,0
88,0.0,0.0,5.0,0.14285714285714285,MEDIUM,1
89,0.0,0.0,5.0,0.0,LOW,0
90,1.0,2.0,3.0,0.0,MEDIUM,1
91,0.0,1.0,4.0,0.0,LOW,0
92,1.0,2.0,3.0,0.0,MEDIUM,1
93,0.0,0.0,7.0,0.0,LOW,0
94,0.0,0.0,0.0,0.0,LOW,0
95,0.0,0.0,2.0,0.0,LOW,0
96,0.0,0.0,8.0,0.0,LOW,0
97,0.0,0.0,0.0,0.0,LOW,0
98,0.0,0.0,3.0,0.4,HIGH,2
99,0.0,0.0,1.0,0.0,LOW,0
100,1.0,2.0,0.0,0.0,MEDIUM,1
101,0.0,1.0,0.0,0.25,HIGH,2
102,1.0,0.0,3.0,0.0,MEDIUM,1
103,0.0,0.0,8.0,0.09090909090909091,LOW,0
104,0.0,1.0,6.0,0.0,LOW,0
105,0.0,1.0,7.0,0.0,LOW,0
106,0.0,1.0,1.0,0.0,LOW,0
107,0.0,0.0,1.0,0.0,LOW,0
108,0.0,0.0,0.0,0.0,LOW,0
109,0.0,1.0,6.0,0.1,MEDIUM,1
110,2.0,2.0,1.0,0.0,HIGH,2
111,0.0,0.0,2.0,0.25,HIGH,2
112,0.0,0.0,6.0,0.0,LOW,0
113,2.0,2.0,1.0,0.1111111111111111,HIGH,2
114,0.0,1.0,3.0,0.0,LOW,0
115,0.0,0.0,2.0,0.0,LOW,0
116,0.0,0.0,3.0,0.0,LOW,0
117,0.0,0.0,3.0,0.0,LOW,0
118,4.0,3.0,0.0,0.0,HIGH,2
119,0.0,0.0,6.0,0.0,LOW,0
120,0.0,1.0,4.0,0.0,LOW,0
121,0.0,0.0,6.0,0.0,LOW,0
122,1.0,0.0,3.0,0.0,MEDIUM,1
123,0.0,1.0,1.0,0.0,LOW,0
124,0.0,0.0,0.0,0.0,LOW,0
125,1.0,0.0,0.0,0.0,MEDIUM,1
126,0.0,0.0,6.0,0.0,LOW,0
127,1.0,0.0,6.0,0.0,MEDIUM,1
128,1.0,1.0,0.0,0.0,MEDIUM,1
129,0.0,1.0,0.0,0.0,LOW,0
130,1.0,2.0,4.0,0.09090909090909091,MEDIUM,1
131,0.0,0.0,3.0,0.0,LOW,0
132,0.0,0.0,0.0,0.0,LOW,0
133,0.0,1.0,7.0,0.0,LOW,0
134,0.0,0.0,4.0,0.0,LOW,0
135,1.0,0.0,4.0,0.09090909090909091,MEDIUM,1
136,2.0,3.0,0.0,0.1,HIGH,2
137,0.0,1.0,4.0,0.0,LOW,0
138,0.0,2.0,2.0,0.125,MEDIUM,1
139,0.0,0.0,3.0,0.0,LOW,0
140,0.0,0.0,0.0,0.0,LOW,0
141,0.0,0.0,5.0,0.0,LOW,0
142,0.0,0.0,0.0,0.0,LOW,0
143,0.0,1.0,2.0,0.0,LOW,0
144,0.0,0.0,0.0,0.0,LOW,0
145,1.0,2.0,5.0,0.0,MEDIUM,1
146,1.0,1.0,0.0,0.2,HIGH,2
147,0.0,0.0,0.0,0.0,LOW,0
148,0.0,0.0,0.0,0.0,LOW,0
149,1.0,2.0,2.0,0.2222222222222222,HIGH,2
150,0.0,1.0,1.0,0.0,LOW,0
151,0.0,2.0,5.0,0.125,MEDIUM,1
152,1.0,1.0,3.0,0.0,MEDIUM,1
153,0.0,0.0,3.0,0.0,LOW,0
154,0.0,0.0,0.0,0.0,LOW,0
155,2.0,2.0,0.0,0.0,HIGH,2
156,0.0,0.0,8.0,0.0,LOW,0
157,0.0,0.0,2.0,0.0,LOW,0
158,0.0,0.0,0.0,0.09090909090909091,LOW,0
159,0.0,0.0,5.0,0.0,LOW,0
160,0.0,0.0,7.0,0.0,LOW,0
161,2.0,2.0,1.0,0.0,HIGH,2
162,0.0,0.0,0.0,0.0,LOW,0
163,0.0,2.0,0.0,0.0,LOW,0
164,0.0,0.0,0.0,0.0,LOW,0
165,0.0,0.0,0.0,0.0,LOW,0
166,0.0,1.0,4.0,0.0,LOW,0
167,0.0,0.0,0.0,0.0,LOW,0
168,0.0,0.0,7.0,0.0,LOW,0
169,0.0,2.0,9.0,0.0,LOW,0
170,0.0,0.0,9.0,0.0,LOW,0
171,0.0,0.0,8.0,0.0,LOW,0
172,0.0,0.0,5.0,0.0,LOW,0
173,0.0,0.0,5.0,0.0,LOW,0
174,0.0,0.0,0.0,0.0,LOW,0
175,0.0,1.0,5.0,0.0,LOW,0
176,1.0,3.0,3.0,0.0,MEDIUM,1
177,0.0,0.0,4.0,0.0,LOW,0
178,0.0,0.0,0.0,0.1,MEDIUM,1
179,0.0,0.0,7.0,0.0,LOW,0
180,1.0,0.0,2.0,0.0,MEDIUM,1
181,0.0,0.0,2.0,0.2,HIGH,2
182,0.0,1.0,4.0,0.125,MEDIUM,1
183,0.0,0.0,0.0,0.0,LOW,0
184,0.0,0.0,9.0,0.0,LOW,0
185,0.0,0.0,5.0,0.0,LOW,0
186,0.0,0.0,1.0,0.0,LOW,0
187,0.0,0.0,0.0,0.0,LOW,0
188,0.0,0.0,0.0,0.0,LOW,0
189,0.0,1.0,3.0,0.0,LOW,0
190,0.0,1.0,7.0,0.0,LOW,0
191,0.0,0.0,6.0,0.125,MEDIUM,1
192,1.0,2.0,3.0,0.0,MEDIUM,1
193,2.0,3.0,0.0,0.0,HIGH,2
194,0.0,1.0,2.0,0.0,LOW,0
195,0.0,1.0,0.0,0.0,LOW,0
196,0.0,0.0,6.0,0.0,LOW,0
197,0.0,0.0,6.0,0.0,LOW,0
198,0.0,0.0,0.0,0.0,LOW,0
199,0.0,1.0,6.0,0.0,LOW,0
200,0.0,0.0,6.0,0.0,LOW,0
201,0.0,0.0,4.0,0.0,LOW,0
202,0.0,0.0,1.0,0.0,LOW,0
203,1.0,1.0,5.0,0.0,MEDIUM,1
204,0.0,0.0,2.0,0.0,LOW,0
205,0.0,0.0,5.0,0.0,LOW,0
206,0.0,0.0,0.0,0.0,LOW,0
207,1.0,1.0,1.0,0.0,MEDIUM,1
208,0.0,0.0,2.0,0.0,LOW,0
209,0.0,0.0,0.0,0.0,LOW,0
210,0.0,0.0,7.0,0.0,LOW,0
211,1.0,0.0,4.0,0.14285714285714285,MEDIUM,1
212,0.0,1.0,3.0,0.0,LOW,0
213,1.0,1.0,0.0,0.0,MEDIUM,1
214,0.0,0.0,0.0,0.0,LOW,0
215,0.0,0.0,9.0,0.0,LOW,0
216,0.0,1.0,1.0,0.0,LOW,0
217,0.0,0.0,0.0,0.25,HIGH,2
218,0.0,0.0,0.0,0.0,LOW,0
219,1.0,3.0,0.0,0.0,MEDIUM,1
220,0.0,1.0,5.0,0.125,MEDIUM,1
221,0.0,0.0,6.0,0.0,LOW,0
222,2.0,2.0,0.0,0.0,HIGH,2
223,1.0,0.0,1.0,0.0,MEDIUM,1
224,0.0,1.0,6.0,0.18181818181818182,MEDIUM,1
225,0.0,0.0,3.0,0.0,LOW,0
226,0.0,0.0,0.0,0.0,LOW,0
227,0.0,1.0,3.0,0.14285714285714285,MEDIUM,1
228,0.0,1.0,1.0,0.0,LOW,0
229,0.0,0.0,4.0,0.0,LOW,0
230,0.0,0.0,6.0,0.0,LOW,0
231,0.0,0.0,9.0,0.0,LOW,0
232,0.0,0.0,1.0,0.0,LOW,0
233,0.0,1.0,1.0,0.0,LOW,0
234,0.0,0.0,0.0,0.16666666666666666,MEDIUM,1
235,0.0,0.0,5.0,0.0,LOW,0
236,0.0,1.0,6.0,0.0,LOW,0
237,0.0,0.0,3.0,0.0,LOW,0
238,1.0,2.0,2.0,0.0,MEDIUM,1
239,1.0,1.0,6.0,0.0,MEDIUM,1
240,0.0,0.0,10.0,0.0,LOW,0
241,1.0,1.0,1.0,0.0,MEDIUM,1
242,1.0,0.0,2.0,0.0,MEDIUM,1
243,0.0,0.0,6.0,0.0,LOW,0
244,0.0,0.0,4.0,0.0,LOW,0
245,0.0,1.0,0.0,0.2222222222222222,HIGH,2
246,0.0,0.0,4.0,0.0,LOW,0
247,0.0,0.0,4.0,0.0,LOW,0
248,0.0,0.0,0.0,0.0,LOW,0
249,0.0,0.0,2.0,0.0,LOW,0
250,0.0,0.0,0.0,0.0,LOW,0
251,0.0,0.0,0.0,0.0,LOW,0
252,0.0,3.0,0.0,0.2,HIGH,2
253,0.0,0.0,3.0,0.0,LOW,0
254,0.0,0.0,4.0,0.0,LOW,0
255,0.0,0.0,4.0,0.0,LOW,0
256,1.0,3.0,1.0,0.0,MEDIUM,1
257,0.0,0.0,5.0,0.0,LOW,0
258,0.0,2.0,4.0,0.0,LOW,0
259,0.0,0.0,5.0,0.0,LOW,0
260,1.0,0.0,3.0,0.0,MEDIUM,1
261,0.0,0.0,0.0,0.0,LOW,0
262,2.0,2.0,0.0,0.0,HIGH,2
263,0.0,1.0,3.0,0.0,LOW,0
264,1.0,1.0,0.0,0.0,MEDIUM,1
265,0.0,0.0,7.0,0.0,LOW,0
266,0.0,0.0,3.0,0.0,LOW,0
267,0.0,0.0,0.0,0.0,LOW,0
268,0.0,0.0,4.0,0.2,HIGH,2
269,0.0,0.0,6.0,0.14285714285714285,MEDIUM,1
270,0.0,1.0,5.0,0.0,LOW,0
271,0.0,1.0,3.0,0.0,LOW,0
272,0.0,0.0,3.0,0.0,LOW,0
273,0.0,0.0,4.0,0.0,LOW,0
274,0.0,0.0,0.0,0.0,LOW,0
275,0.0,0.0,3.0,0.2,HIGH,2
276,0.0,1.0,6.0,0.0,LOW,0
277,0.0,2.0,5.0,0.0,LOW,0
278,0.0,0.0,8.0,0.0,LOW,0
279,0.0,0.0,5.0,0.0,LOW,0
280,0.0,2.0,4.0,0.0,LOW,0
281,1.0,1.0,0.0,0.16666666666666666,MEDIUM,1
282,0.0,1.0,7.0,0.0,LOW,0
283,0.0,0.0,4.0,0.0,LOW,0
284,0.0,1.0,0.0,0.0,LOW,0
285,0.0,1.0,4.0,0.0,LOW,0
286,0.0,0.0,0.0,0.0,LOW,0
287,0.0,3.0,0.0,0.0,LOW,0
288,0.0,2.0,2.0,0.0,LOW,0
289,0.0,0.0,6.0,0.0,LOW,0
290,2.0,2.0,1.0,0.1111111111111111,HIGH,2
291,0.0,0.0,4.0,0.0,LOW,0
292,0.0,0.0,4.0,0.0,LOW,0
293,0.0,0.0,4.0,0.0,LOW,0
294,0.0,1.0,3.0,0.0,LOW,0
295,0.0,1.0,6.0,0.0,LOW,0
296,1.0,1.0,1.0,0.0,MEDIUM,1
297,1.0,2.0,3.0,0.0,MEDIUM,1
298,1.0,2.0,1.0,0.16666666666666666,MEDIUM,1
299,0.0,0.0,7.0,0.0,LOW,0
300,0.0,0.0,4.0,0.0,LOW,0
301,0.0,3.0,5.0,0.0,LOW,0
302,0.0,2.0,2.0,0.0,LOW,0
303,0.0,1.0,6.0,0.0,LOW,0
304,0.0,0.0,1.0,0.0,LOW,0
305,1.0,2.0,0.0,0.0,MEDIUM,1
306,0.0,0.0,3.0,0.0,LOW,0
307,2.0,2.0,0.0,0.0,HIGH,2
308,0.0,1.0,5.0,0.0,LOW,0
309,2.0,1.0,2.0,0.0,HIGH,2
310,0.0,0.0,0.0,0.0,LOW,0
311,1.0,2.0,1.0,0.0,MEDIUM,1
312,0.0,0.0,8.0,0.0,LOW,0
313,0.0,3.0,0.0,0.42857142857142855,HIGH,2
314,0.0,0.0,4.0,0.0,LOW,0
315,0.0,1.0,6.0,0.0,LOW,0
316,0.0,0.0,4.0,0.0,LOW,0
317,0.0,0.0,4.0,0.0,LOW,0
318,1.0,3.0,0.0,0.0,MEDIUM,1
319,0.0,0.0,0.0,0.0,LOW,0
320,0.0,0.0,4.0,0.0,LOW,0
321,1.0,4.0,0.0,0.0,MEDIUM,1
322,3.0,2.0,0.0,0.0,HIGH,2
323,0.0,1.0,2.0,0.0,LOW,0
324,0.0,1.0,5.0,0.0,LOW,0
325,0.0,0.0,5.0,0.0,LOW,0
326,0.0,1.0,2.0,0.0,LOW,0
327,0.0,1.0,4.0,0.0,LOW,0
328,0.0,0.0,4.0,0.0,LOW,0
329,0.0,0.0,0.0,0.0,LOW,0
330,0.0,1.0,1.0,0.0,LOW,0
331,0.0,0.0,4.0,0.0,LOW,0
332,2.0,2.0,0.0,0.0,HIGH,2
333,0.0,0.0,2.0,0.0,LOW,0
334,2.0,2.0,0.0,0.0,HIGH,2
335,0.0,2.0,2.0,0.0,LOW,0
336,0.0,0.0,1.0,0.0,LOW,0
337,1.0,0.0,5.0,0.0,MEDIUM,1
338,0.0,0.0,0.0,0.0,LOW,0
339,0.0,1.0,1.0,0.0,LOW,0
340,0.0,0.0,11.0,0.0,LOW,0
341,0.0,0.0,6.0,0.0,LOW,0
342,0.0,0.0,0.0,0.0,LOW,0
343,3.0,2.0,1.0,0.1111111111111111,HIGH,2
344,0.0,2.0,5.0,0.0,LOW,0
345,0.0,0.0,3.0,0.2,HIGH,2
346,0.0,0.0,0.0,0.0,LOW,0
347,0.0,0.0,0.0,0.0,LOW,0
348,0.0,0.0,5.0,0.0,LOW,0
349,0.0,0.0,0.0,0.0,LOW,0
350,0.0,0.0,0.0,0.0,LOW,0
351,0.0,0.0,8.0,0.0,LOW,0
352,0.0,1.0,0.0,0.0,LOW,0
353,1.0,0.0,3.0,0.0,MEDIUM,1
354,0.0,1.0,0.0,0.0,LOW,0
355,0.0,0.0,3.0,0.0,LOW,0
356,0.0,0.0,8.0,0.0,LOW,0
357,0.0,1.0,5.0,0.0,LOW,0
358,0.0,0.0,5.0,0.0,LOW,0
359,0.0,1.0,4.0,0.0,LOW,0
360,0.0,0.0,10.0,0.08333333333333333,LOW,0
361,0.0,1.0,4.0,0.0,LOW,0
362,1.0,0.0,1.0,0.0,MEDIUM,1
363,0.0,0.0,5.0,0.0,LOW,0
364,0.0,0.0,5.0,0.0,LOW,0
365,0.0,1.0,2.0,0.0,LOW,0
366,0.0,1.0,6.0,0.0,LOW,0
367,0.0,0.0,0.0,0.0,LOW,0
368,1.0,1.0,5.0,0.18181818181818182,MEDIUM,1
369,0.0,0.0,6.0,0.1111111111111111,MEDIUM,1
370,0.0,0.0,0.0,0.0,LOW,0
371,0.0,2.0,1.0,0.0,LOW,0
372,0.0,0.0,4.0,0.0,LOW,0
373,1.0,1.0,0.0,0.0,MEDIUM,1
374,1.0,2.0,0.0,0.0,MEDIUM,1
375,0.0,0.0,6.0,0.0,LOW,0
376,1.0,1.0,0.0,0.2,HIGH,2
377,0.0,0.0,0.0,0.0,LOW,0
378,1.0,1.0,4.0,0.0,MEDIUM,1
379,0.0,1.0,7.0,0.0,LOW,0
380,1.0,2.0,0.0,0.14285714285714285,MEDIUM,1
381,1.0,4.0,0.0,0.1111111111111111,MEDIUM,1
382,0.0,0.0,0.0,0.0,LOW,0
383,0.0,1.0,2.0,0.0,LOW,0
384,0.0,0.0,3.0,0.0,LOW,0
385,0.0,1.0,5.0,0.0,LOW,0
386,0.0,0.0,5.0,0.0,LOW,0
387,0.0,0.0,5.0,0.0,LOW,0
388,0.0,1.0,2.0,0.2,HIGH,2
389,0.0,2.0,2.0,0.0,LOW,0
390,0.0,0.0,4.0,0.0,LOW,0
391,1.0,2.0,0.0,0.4,HIGH,2
392,0.0,1.0,5.0,0.0,LOW,0
393,1.0,3.0,0.0,0.3333333333333333,HIGH,2
394,3.0,3.0,0.0,0.0,HIGH,2
395,0.0,0.0,3.0,0.0,LOW,0
396,1.0,0.0,3.0,0.0,MEDIUM,1
397,1.0,2.0,3.0,0.1111111111111111,MEDIUM,1
398,0.0,1.0,2.0,0.0,LOW,0
399,0.0,1.0,4.0,0.0,LOW,0
400,0.0,0.0,3.0,0.0,LOW,0
401,0.0,0.0,0.0,0.14285714285714285,MEDIUM,1
402,0.0,0.0,0.0,0.0,LOW,0
403,0.0,0.0,4.0,0.0,LOW,0
404,0.0,1.0,4.0,0.0,LOW,0
405,1.0,1.0,1.0,0.0,MEDIUM,1
406,0.0,0.0,9.0,0.0,LOW,0
407,0.0,0.0,0.0,0.0,LOW,0
408,0.0,0.0,2.0,0.0,LOW,0
409,0.0,1.0,3.0,0.0,LOW,0
410,0.0,0.0,0.0,0.0,LOW,0
411,0.0,0.0,4.0,0.0,LOW,0
412,0.0,1.0,1.0,0.0,LOW,0
413,0.0,0.0,4.0,0.0,LOW,0
414,0.0,1.0,5.0,0.0,LOW,0
415,1.0,2.0,0.0,0.0,MEDIUM,1
416,0.0,0.0,8.0,0.0,LOW,0
417,1.0,1.0,0.0,0.0,MEDIUM,1
418,0.0,0.0,6.0,0.0,LOW,0
419,1.0,1.0,1.0,0.1,MEDIUM,1
420,0.0,1.0,0.0,0.3333333333333333,HIGH,2
421,0.0,0.0,0.0,0.0,LOW,0
422,0.0,0.0,5.0,0.0,LOW,0
423,0.0,0.0,0.0,0.0,LOW,0
424,0.0,0.0,0.0,0.0,LOW,0
425,2.0,4.0,2.0,0.0,HIGH,2
426,1.0,2.0,0.0,0.0,MEDIUM,1
427,1.0,1.0,0.0,0.0,MEDIUM,1
428,0.0,0.0,0.0,0.09090909090909091,LOW,0
429,2.0,3.0,0.0,0.0,HIGH,2
430,1.0,1.0,0.0,0.2,HIGH,2
431,0.0,2.0,5.0,0.0,LOW,0
432,0.0,0.0,0.0,0.0,LOW,0
433,0.0,0.0,7.0,0.0,LOW,0
500,0.0,1.0,1.0,0.0,LOW,0
434,0.0,0.0,4.0,0.0,LOW,0
435,0.0,1.0,1.0,0.0,LOW,0
436,0.0,0.0,5.0,0.0,LOW,0
437,0.0,0.0,2.0,0.0,LOW,0
438,1.0,1.0,2.0,0.16666666666666666,MEDIUM,1
439,1.0,2.0,2.0,0.0,MEDIUM,1
440,0.0,0.0,0.0,0.0,LOW,0
441,1.0,3.0,4.0,0.1,MEDIUM,1
442,1.0,1.0,3.0,0.0,MEDIUM,1
443,0.0,0.0,0.0,0.0,LOW,0
444,0.0,2.0,4.0,0.0,LOW,0
445,0.0,2.0,1.0,0.0,LOW,0
446,0.0,0.0,5.0,0.0,LOW,0
447,0.0,1.0,2.0,0.0,LOW,0
448,0.0,0.0,6.0,0.1,MEDIUM,1
449,0.0,0.0,2.0,0.0,LOW,0
450,1.0,2.0,1.0,0.0,MEDIUM,1
451,0.0,0.0,4.0,0.0,LOW,0
452,1.0,1.0,4.0,0.0,MEDIUM,1
453,1.0,2.0,3.0,0.0,MEDIUM,1
454,0.0,0.0,6.0,0.09090909090909091,LOW,0
455,0.0,1.0,0.0,0.0,LOW,0
456,0.0,0.0,3.0,0.0,LOW,0
457,0.0,0.0,5.0,0.0,LOW,0
458,0.0,0.0,5.0,0.0,LOW,0
459,0.0,0.0,2.0,0.2,HIGH,2
460,0.0,2.0,4.0,0.0,LOW,0
461,0.0,0.0,0.0,0.0,LOW,0
462,0.0,0.0,7.0,0.0,LOW,0
463,0.0,1.0,5.0,0.0,LOW,0
464,3.0,2.0,1.0,0.0,HIGH,2
465,0.0,0.0,0.0,0.0,LOW,0
466,0.0,0.0,0.0,0.25,HIGH,2
467,0.0,0.0,3.0,0.0,LOW,0
468,0.0,0.0,0.0,0.0,LOW,0
469,0.0,0.0,2.0,0.0,LOW,0
470,1.0,2.0,1.0,0.0,MEDIUM,1
471,1.0,2.0,3.0,0.0,MEDIUM,1
472,0.0,0.0,2.0,0.0,LOW,0
473,2.0,1.0,5.0,0.0,HIGH,2
474,0.0,0.0,3.0,0.2,HIGH,2
475,1.0,2.0,1.0,0.2857142857142857,HIGH,2
476,0.0,0.0,2.0,0.0,LOW,0
477,1.0,2.0,6.0,0.08333333333333333,MEDIUM,1
478,1.0,0.0,2.0,0.0,MEDIUM,1
479,1.0,2.0,0.0,0.16666666666666666,MEDIUM,1
480,0.0,0.0,8.0,0.0,LOW,0
481,1.0,0.0,3.0,0.0,MEDIUM,1
482,0.0,1.0,7.0,0.0,LOW,0
483,0.0,1.0,2.0,0.16666666666666666,MEDIUM,1
484,0.0,0.0,0.0,0.0,LOW,0
485,0.0,0.0,7.0,0.0,LOW,0
486,1.0,3.0,1.0,0.0,MEDIUM,1
487,0.0,0.0,0.0,0.0,LOW,0
488,0.0,0.0,0.0,0.0,LOW,0
489,0.0,0.0,6.0,0.0,LOW,0
490,0.0,0.0,7.0,0.0,LOW,0
491,0.0,0.0,7.0,0.0,LOW,0
492,0.0,2.0,0.0,0.0,LOW,0
493,2.0,3.0,1.0,0.0,HIGH,2
494,0.0,0.0,4.0,0.2,HIGH,2
495,0.0,0.0,6.0,0.0,LOW,0
496,0.0,0.0,9.0,0.0,LOW,0
497,0.0,1.0,3.0,0.0,LOW,0
498,4.0,5.0,0.0,0.0,HIGH,2
499,0.0,0.0,10.0,0.0,LOW,0
501,2.0,2.0,0.0,0.16666666666666666,HIGH,2
502,0.0,0.0,2.0,0.0,LOW,0
503,0.0,0.0,0.0,0.0,LOW,0
504,1.0,2.0,1.0,0.0,MEDIUM,1
505,0.0,0.0,0.0,0.0,LOW,0
506,1.0,1.0,3.0,0.0,MEDIUM,1
507,1.0,1.0,3.0,0.16666666666666666,MEDIUM,1
508,0.0,0.0,8.0,0.0,LOW,0
509,1.0,1.0,2.0,0.16666666666666666,MEDIUM,1
510,0.0,1.0,3.0,0.2,HIGH,2
511,1.0,0.0,3.0,0.0,MEDIUM,1
512,0.0,0.0,0.0,0.0,LOW,0
513,1.0,1.0,1.0,0.16666666666666666,MEDIUM,1
514,2.0,3.0,0.0,0.125,HIGH,2
515,0.0,1.0,2.0,0.0,LOW,0
516,0.0,2.0,5.0,0.0,LOW,0
517,0.0,0.0,0.0,0.0,LOW,0
518,0.0,1.0,4.0,0.14285714285714285,MEDIUM,1
519,0.0,0.0,0.0,0.0,LOW,0
520,0.0,0.0,2.0,0.0,LOW,0
521,0.0,0.0,5.0,0.0,LOW,0
522,0.0,1.0,2.0,0.0,LOW,0
523,0.0,1.0,0.0,0.0,LOW,0
524,0.0,0.0,3.0,0.0,LOW,0
525,0.0,1.0,2.0,0.0,LOW,0
526,0.0,0.0,7.0,0.0,LOW,0
527,0.0,0.0,4.0,0.0,LOW,0
528,0.0,1.0,4.0,0.0,LOW,0
529,1.0,0.0,2.0,0.0,MEDIUM,1
530,0.0,1.0,1.0,0.0,LOW,0
531,0.0,2.0,6.0,0.0,LOW,0
532,0.0,0.0,5.0,0.0,LOW,0
533,0.0,0.0,0.0,0.0,LOW,0
534,0.0,0.0,0.0,0.16666666666666666,MEDIUM,1
535,0.0,1.0,4.0,0.0,LOW,0
536,0.0,1.0,1.0,0.25,HIGH,2
537,0.0,1.0,3.0,0.14285714285714285,MEDIUM,1
538,0.0,0.0,0.0,0.0,LOW,0
539,0.0,1.0,2.0,0.0,LOW,0
540,0.0,1.0,2.0,0.0,LOW,0
541,1.0,2.0,0.0,0.0,MEDIUM,1
542,0.0,1.0,9.0,0.0,LOW,0
543,0.0,0.0,6.0,0.0,LOW,0
544,0.0,0.0,0.0,0.0,LOW,0
545,0.0,0.0,5.0,0.0,LOW,0
546,1.0,1.0,0.0,0.0,MEDIUM,1
547,2.0,4.0,0.0,0.0,HIGH,2
548,0.0,0.0,0.0,0.0,LOW,0
549,0.0,0.0,0.0,0.0,LOW,0
550,0.0,0.0,3.0,0.0,LOW,0
551,0.0,0.0,3.0,0.16666666666666666,MEDIUM,1
552,0.0,0.0,2.0,0.0,LOW,0
553,1.0,1.0,2.0,0.0,MEDIUM,1
554,0.0,1.0,5.0,0.0,LOW,0
555,0.0,0.0,0.0,0.0,LOW,0
556,0.0,0.0,0.0,0.2,HIGH,2
557,0.0,0.0,3.0,0.0,LOW,0
558,0.0,0.0,9.0,0.08333333333333333,LOW,0
559,0.0,1.0,0.0,0.0,LOW,0
560,0.0,0.0,7.0,0.0,LOW,0
561,0.0,1.0,2.0,0.0,LOW,0
562,1.0,1.0,0.0,0.0,MEDIUM,1
563,0.0,1.0,4.0,0.0,LOW,0
564,1.0,5.0,0.0,0.0,MEDIUM,1
565,0.0,0.0,0.0,0.0,LOW,0
566,2.0,4.0,0.0,0.14285714285714285,HIGH,2
567,0.0,0.0,5.0,0.0,LOW,0
568,0.0,0.0,4.0,0.0,LOW,0
569,0.0,0.0,0.0,0.0,LOW,0
570,0.0,0.0,0.0,0.25,HIGH,2
571,0.0,0.0,4.0,0.2,HIGH,2
572,0.0,0.0,4.0,0.0,LOW,0
573,0.0,1.0,9.0,0.0,LOW,0
574,1.0,3.0,0.0,0.2857142857142857,HIGH,2
575,0.0,1.0,2.0,0.0,LOW,0
576,1.0,1.0,5.0,0.0,MEDIUM,1
577,0.0,0.0,0.0,0.0,LOW,0
578,0.0,0.0,4.0,0.0,LOW,0
579,0.0,0.0,3.0,0.16666666666666666,MEDIUM,1
580,1.0,0.0,0.0,0.16666666666666666,MEDIUM,1
581,0.0,0.0,0.0,0.0,LOW,0
582,0.0,0.0,5.0,0.0,LOW,0
583,0.0,0.0,0.0,0.0,LOW,0
584,2.0,2.0,0.0,0.25,HIGH,2
585,0.0,1.0,5.0,0.0,LOW,0
586,0.0,0.0,3.0,0.0,LOW,0
587,1.0,2.0,2.0,0.0,MEDIUM,1
588,1.0,0.0,1.0,0.25,HIGH,2
589,0.0,1.0,0.0,0.0,LOW,0
590,0.0,0.0,5.0,0.0,LOW,0
591,1.0,2.0,1.0,0.0,MEDIUM,1
592,0.0,0.0,3.0,0.0,LOW,0
593,0.0,1.0,1.0,0.0,LOW,0
594,0.0,0.0,0.0,0.0,LOW,0
595,0.0,1.0,4.0,0.0,LOW,0
596,0.0,2.0,1.0,0.0,LOW,0
597,0.0,0.0,0.0,0.0,LOW,0
598,0.0,1.0,4.0,0.0,LOW,0
599,0.0,0.0,5.0,0.0,LOW,0
600,0.0,0.0,5.0,0.0,LOW,0
601,0.0,2.0,4.0,0.2,HIGH,2
602,0.0,0.0,6.0,0.0,LOW,0
603,0.0,1.0,1.0,0.0,LOW,0
604,0.0,1.0,5.0,0.0,LOW,0
605,0.0,0.0,4.0,0.0,LOW,0
606,0.0,1.0,6.0,0.0,LOW,0
607,1.0,1.0,1.0,0.0,MEDIUM,1
608,0.0,0.0,0.0,0.0,LOW,0
609,0.0,1.0,6.0,0.0,LOW,0
610,0.0,1.0,1.0,0.0,LOW,0
611,1.0,1.0,1.0,0.0,MEDIUM,1
612,0.0,0.0,0.0,0.25,HIGH,2
613,0.0,1.0,0.0,0.0,LOW,0
614,0.0,0.0,8.0,0.0,LOW,0
615,0.0,0.0,0.0,0.0,LOW,0
616,0.0,1.0,0.0,0.0,LOW,0
617,2.0,5.0,1.0,0.0,HIGH,2
618,0.0,0.0,0.0,0.0,LOW,0
619,0.0,0.0,7.0,0.0,LOW,0
620,0.0,1.0,6.0,0.0,LOW,0
621,0.0,0.0,5.0,0.0,LOW,0
622,0.0,0.0,7.0,0.0,LOW,0
623,0.0,0.0,4.0,0.125,MEDIUM,1
624,2.0,2.0,2.0,0.0,HIGH,2
625,0.0,0.0,7.0,0.0,LOW,0
626,0.0,2.0,4.0,0.0,LOW,0
627,1.0,1.0,5.0,0.0,MEDIUM,1
628,1.0,0.0,3.0,0.0,MEDIUM,1
629,0.0,0.0,0.0,0.0,LOW,0
630,1.0,0.0,4.0,0.0,MEDIUM,1
631,1.0,0.0,3.0,0.0,MEDIUM,1
632,1.0,2.0,0.0,0.125,MEDIUM,1
633,0.0,0.0,4.0,0.0,LOW,0
634,2.0,2.0,1.0,0.0,HIGH,2
635,0.0,0.0,2.0,0.0,LOW,0
636,1.0,1.0,1.0,0.0,MEDIUM,1
637,0.0,0.0,3.0,0.0,LOW,0
638,0.0,1.0,7.0,0.0,LOW,0
639,0.0,0.0,5.0,0.0,LOW,0
640,0.0,1.0,2.0,0.0,LOW,0
641,0.0,1.0,7.0,0.1111111111111111,MEDIUM,1
642,1.0,0.0,3.0,0.0,MEDIUM,1
643,0.0,1.0,1.0,0.0,LOW,0
644,1.0,0.0,2.0,0.0,MEDIUM,1
645,0.0,1.0,3.0,0.0,LOW,0
646,0.0,0.0,4.0,0.0,LOW,0
647,0.0,1.0,0.0,0.0,LOW,0
648,0.0,0.0,0.0,0.0,LOW,0
649,0.0,0.0,5.0,0.0,LOW,0
650,0.0,0.0,7.0,0.0,LOW,0
651,0.0,0.0,4.0,0.0,LOW,0
652,0.0,1.0,1.0,0.25,HIGH,2
653,0.0,0.0,6.0,0.0,LOW,0
654,0.0,0.0,6.0,0.0,LOW,0
655,0.0,2.0,2.0,0.125,MEDIUM,1
656,0.0,1.0,7.0,0.0,LOW,0
657,1.0,2.0,4.0,0.1,MEDIUM,1
658,0.0,1.0,1.0,0.125,MEDIUM,1
659,0.0,0.0,2.0,0.0,LOW,0
660,0.0,0.0,7.0,0.0,LOW,0
661,0.0,0.0,0.0,0.0,LOW,0
662,0.0,0.0,4.0,0.0,LOW,0
663,0.0,0.0,5.0,0.0,LOW,0
664,0.0,0.0,0.0,0.0,LOW,0
665,0.0,1.0,4.0,0.0,LOW,0
666,0.0,1.0,2.0,0.0,LOW,0
667,0.0,0.0,5.0,0.1111111111111111,MEDIUM,1
668,0.0,1.0,2.0,0.2857142857142857,HIGH,2
669,0.0,1.0,7.0,0.0,LOW,0
670,0.0,0.0,0.0,0.0,LOW,0
671,1.0,3.0,0.0,0.0,MEDIUM,1
672,0.0,1.0,5.0,0.0,LOW,0
673,0.0,1.0,0.0,0.0,LOW,0
674,0.0,0.0,6.0,0.0,LOW,0
675,0.0,0.0,5.0,0.0,LOW,0
676,0.0,1.0,3.0,0.0,LOW,0
677,0.0,1.0,4.0,0.0,LOW,0
678,0.0,1.0,4.0,0.16666666666666666,MEDIUM,1
679,2.0,2.0,0.0,0.14285714285714285,HIGH,2
680,0.0,0.0,6.0,0.0,LOW,0
681,1.0,2.0,0.0,0.14285714285714285,MEDIUM,1
682,0.0,0.0,4.0,0.14285714285714285,MEDIUM,1
683,0.0,0.0,3.0,0.0,LOW,0
684,0.0,0.0,0.0,0.0,LOW,0
685,0.0,0.0,0.0,0.0,LOW,0
686,0.0,0.0,0.0,0.0,LOW,0
687,1.0,0.0,0.0,0.0,MEDIUM,1
688,0.0,0.0,5.0,0.0,LOW,0
689,0.0,0.0,0.0,0.0,LOW,0
690,3.0,5.0,0.0,0.08333333333333333,HIGH,2
691,0.0,1.0,8.0,0.0,LOW,0
692,0.0,0.0,0.0,0.0,LOW,0
693,0.0,2.0,3.0,0.0,LOW,0
694,0.0,0.0,6.0,0.0,LOW,0
695,0.0,1.0,9.0,0.0,LOW,0
696,0.0,0.0,5.0,0.14285714285714285,MEDIUM,1
697,0.0,0.0,3.0,0.0,LOW,0
698,0.0,0.0,3.0,0.0,LOW,0
699,0.0,1.0,3.0,0.0,LOW,0
700,2.0,2.0,1.0,0.14285714285714285,HIGH,2
701,1.0,1.0,7.0,0.0,MEDIUM,1
702,0.0,1.0,5.0,0.0,LOW,0
703,0.0,0.0,0.0,0.0,LOW,0
704,0.0,0.0,0.0,0.0,LOW,0
705,0.0,0.0,4.0,0.0,LOW,0
706,0.0,0.0,8.0,0.0,LOW,0
707,0.0,0.0,6.0,0.0,LOW,0
708,0.0,1.0,1.0,0.0,LOW,0
709,2.0,3.0,0.0,0.0,HIGH,2
710,0.0,0.0,0.0,0.0,LOW,0
711,0.0,0.0,6.0,0.1111111111111111,MEDIUM,1
712,0.0,0.0,7.0,0.0,LOW,0
713,0.0,1.0,1.0,0.1111111111111111,MEDIUM,1
714,0.0,0.0,6.0,0.0,LOW,0
715,1.0,3.0,0.0,0.14285714285714285,MEDIUM,1
716,1.0,0.0,2.0,0.0,MEDIUM,1
717,2.0,2.0,2.0,0.09090909090909091,HIGH,2
718,0.0,0.0,3.0,0.0,LOW,0
719,0.0,0.0,0.0,0.0,LOW,0
720,0.0,0.0,9.0,0.09090909090909091,LOW,0
721,0.0,0.0,5.0,0.0,LOW,0
722,0.0,0.0,5.0,0.0,LOW,0
723,0.0,0.0,5.0,0.0,LOW,0
724,0.0,0.0,3.0,0.0,LOW,0
725,0.0,1.0,5.0,0.14285714285714285,MEDIUM,1
726,0.0,0.0,2.0,0.0,LOW,0
727,0.0,0.0,0.0,0.0,LOW,0
728,0.0,1.0,0.0,0.125,MEDIUM,1
729,0.0,1.0,7.0,0.0,LOW,0
730,0.0,0.0,7.0,0.0,LOW,0
731,0.0,1.0,1.0,0.0,LOW,0
732,0.0,0.0,5.0,0.0,LOW,0
733,1.0,2.0,1.0,0.125,MEDIUM,1
734,0.0,0.0,6.0,0.0,LOW,0
735,0.0,1.0,2.0,0.4,HIGH,2
736,1.0,0.0,0.0,0.0,MEDIUM,1
737,0.0,0.0,3.0,0.0,LOW,0
738,2.0,2.0,0.0,0.3333333333333333,HIGH,2
739,0.0,1.0,1.0,0.0,LOW,0
740,0.0,0.0,11.0,0.0,LOW,0
741,0.0,3.0,1.0,0.14285714285714285,MEDIUM,1
742,0.0,0.0,3.0,0.0,LOW,0
743,0.0,0.0,6.0,0.0,LOW,0
744,0.0,1.0,6.0,0.0,LOW,0
745,0.0,0.0,5.0,0.0,LOW,0
746,1.0,3.0,0.0,0.0,MEDIUM,1
747,0.0,1.0,8.0,0.0,LOW,0
748,1.0,1.0,4.0,0.0,MEDIUM,1
749,0.0,3.0,2.0,0.0,LOW,0
750,1.0,0.0,0.0,0.0,MEDIUM,1
751,0.0,0.0,0.0,0.0,LOW,0
752,0.0,1.0,11.0,0.0,LOW,0
753,0.0,0.0,3.0,0.0,LOW,0
754,0.0,1.0,2.0,0.0,LOW,0
755,2.0,4.0,0.0,0.25,HIGH,2
756,0.0,0.0,5.0,0.0,LOW,0
757,0.0,0.0,1.0,0.0,LOW,0
758,0.0,1.0,3.0,0.0,LOW,0
759,0.0,1.0,1.0,0.0,LOW,0
760,1.0,0.0,1.0,0.0,MEDIUM,1
761,0.0,1.0,4.0,0.0,LOW,0
762,0.0,0.0,0.0,0.25,HIGH,2
763,0.0,0.0,5.0,0.0,LOW,0
764,0.0,1.0,0.0,0.125,MEDIUM,1
765,0.0,0.0,6.0,0.0,LOW,0
766,0.0,0.0,0.0,0.0,LOW,0
767,0.0,1.0,0.0,0.0,LOW,0
768,0.0,1.0,2.0,0.0,LOW,0
769,0.0,0.0,0.0,0.0,LOW,0
770,1.0,2.0,2.0,0.2727272727272727,HIGH,2
771,1.0,2.0,1.0,0.3333333333333333,HIGH,2
772,0.0,1.0,8.0,0.0,LOW,0
773,0.0,1.0,9.0,0.0,LOW,0
774,0.0,0.0,0.0,0.0,LOW,0
775,0.0,0.0,0.0,0.0,LOW,0
776,1.0,1.0,1.0,0.0,MEDIUM,1
777,0.0,0.0,1.0,0.4,HIGH,2
778,1.0,2.0,1.0,0.0,MEDIUM,1
779,0.0,0.0,3.0,0.0,LOW,0
780,0.0,0.0,0.0,0.0,LOW,0
781,0.0,1.0,4.0,0.125,MEDIUM,1
782,0.0,0.0,0.0,0.0,LOW,0
783,0.0,0.0,4.0,0.0,LOW,0
784,0.0,1.0,3.0,0.0,LOW,0
785,0.0,0.0,3.0,0.2,HIGH,2
786,0.0,0.0,3.0,0.0,LOW,0
787,3.0,4.0,5.0,0.0,HIGH,2
788,1.0,2.0,1.0,0.0,MEDIUM,1
789,0.0,2.0,0.0,0.0,LOW,0
790,1.0,2.0,2.0,0.0,MEDIUM,1
791,0.0,0.0,4.0,0.0,LOW,0
792,1.0,0.0,4.0,0.0,MEDIUM,1
793,0.0,0.0,0.0,0.14285714285714285,MEDIUM,1
794,0.0,0.0,3.0,0.2,HIGH,2
795,0.0,0.0,3.0,0.0,LOW,0
796,2.0,2.0,0.0,0.14285714285714285,HIGH,2
797,0.0,0.0,5.0,0.0,LOW,0
798,0.0,1.0,0.0,0.3333333333333333,HIGH,2
799,0.0,0.0,0.0,0.0,LOW,0
800,1.0,3.0,1.0,0.1111111111111111,MEDIUM,1
801,0.0,0.0,0.0,0.0,LOW,0
802,0.0,1.0,5.0,0.0,LOW,0
803,0.0,0.0,3.0,0.14285714285714285,MEDIUM,1
804,0.0,1.0,1.0,0.0,LOW,0
805,0.0,0.0,3.0,0.0,LOW,0
806,0.0,2.0,2.0,0.0,LOW,0
807,0.0,0.0,4.0,0.0,LOW,0
808,0.0,0.0,8.0,0.09090909090909091,LOW,0
809,2.0,1.0,0.0,0.0,HIGH,2
810,0.0,0.0,7.0,0.0,LOW,0
811,0.0,0.0,7.0,0.0,LOW,0
812,0.0,1.0,7.0,0.0,LOW,0
813,0.0,0.0,0.0,0.0,LOW,0
814,0.0,0.0,8.0,0.0,LOW,0
815,0.0,0.0,4.0,0.0,LOW,0
816,1.0,1.0,0.0,0.0,MEDIUM,1
817,1.0,0.0,1.0,0.2,HIGH,2
818,0.0,0.0,0.0,0.0,LOW,0
819,0.0,1.0,2.0,0.0,LOW,0
820,0.0,0.0,1.0,0.3333333333333333,HIGH,2
821,0.0,2.0,1.0,0.25,HIGH,2
822,0.0,0.0,7.0,0.0,LOW,0
823,0.0,1.0,4.0,0.14285714285714285,MEDIUM,1
824,0.0,0.0,9.0,0.07692307692307693,LOW,0
825,0.0,1.0,2.0,0.0,LOW,0
826,0.0,0.0,2.0,0.0,LOW,0
827,1.0,3.0,0.0,0.0,MEDIUM,1
828,0.0,0.0,1.0,0.0,LOW,0
829,3.0,3.0,0.0,0.0,HIGH,2
830,0.0,1.0,3.0,0.0,LOW,0
831,0.0,0.0,1.0,0.0,LOW,0
832,0.0,0.0,3.0,0.0,LOW,0
833,0.0,0.0,2.0,0.0,LOW,0
834,1.0,0.0,6.0,0.0,MEDIUM,1
835,1.0,1.0,0.0,0.0,MEDIUM,1
836,0.0,0.0,9.0,0.0,LOW,0
837,0.0,1.0,6.0,0.0,LOW,0
838,0.0,0.0,0.0,0.0,LOW,0
839,0.0,0.0,0.0,0.0,LOW,0
840,0.0,0.0,2.0,0.0,LOW,0
841,1.0,2.0,1.0,0.2857142857142857,HIGH,2
842,0.0,0.0,8.0,0.0,LOW,0
843,1.0,1.0,4.0,0.0,MEDIUM,1
844,0.0,1.0,5.0,0.0,LOW,0
845,1.0,2.0,2.0,0.0,MEDIUM,1
846,1.0,0.0,6.0,0.0,MEDIUM,1
847,0.0,2.0,1.0,0.0,LOW,0
848,0.0,1.0,1.0,0.0,LOW,0
849,0.0,0.0,4.0,0.0,LOW,0
850,0.0,1.0,7.0,0.0,LOW,0
851,0.0,1.0,4.0,0.16666666666666666,MEDIUM,1
852,0.0,1.0,7.0,0.0,LOW,0
853,0.0,2.0,2.0,0.0,LOW,0
854,0.0,0.0,0.0,0.0,LOW,0
855,0.0,1.0,1.0,0.2,HIGH,2
856,0.0,0.0,3.0,0.0,LOW,0
857,1.0,2.0,1.0,0.14285714285714285,MEDIUM,1
858,0.0,1.0,0.0,0.16666666666666666,MEDIUM,1
859,0.0,1.0,2.0,0.125,MEDIUM,1
860,0.0,0.0,0.0,0.0,LOW,0
861,1.0,0.0,7.0,0.0,MEDIUM,1
862,0.0,1.0,4.0,0.0,LOW,0
863,0.0,0.0,6.0,0.0,LOW,0
864,0.0,0.0,0.0,0.0,LOW,0
865,0.0,0.0,8.0,0.0,LOW,0
866,0.0,1.0,9.0,0.0,LOW,0
867,0.0,0.0,4.0,0.0,LOW,0
868,0.0,0.0,6.0,0.14285714285714285,MEDIUM,1
869,0.0,1.0,3.0,0.0,LOW,0
870,0.0,1.0,2.0,0.0,LOW,0
871,1.0,1.0,1.0,0.14285714285714285,MEDIUM,1
872,0.0,1.0,5.0,0.0,LOW,0
873,1.0,1.0,1.0,0.0,MEDIUM,1
874,0.0,1.0,0.0,0.3333333333333333,HIGH,2
875,0.0,0.0,3.0,0.0,LOW,0
876,0.0,0.0,0.0,0.1,MEDIUM,1
877,1.0,1.0,1.0,0.0,MEDIUM,1
878,0.0,0.0,5.0,0.0,LOW,0
879,0.0,1.0,8.0,0.0,LOW,0
880,0.0,0.0,0.0,0.0,LOW,0
881,1.0,1.0,1.0,0.14285714285714285,MEDIUM,1
882,0.0,0.0,5.0,0.0,LOW,0
883,0.0,0.0,2.0,0.3333333333333333,HIGH,2
884,1.0,0.0,1.0,0.25,HIGH,2
885,0.0,0.0,10.0,0.0,LOW,0
886,0.0,0.0,0.0,0.0,LOW,0
887,0.0,0.0,5.0,0.0,LOW,0
888,1.0,0.0,0.0,0.0,MEDIUM,1
889,0.0,0.0,8.0,0.0,LOW,0
890,0.0,0.0,7.0,0.0,LOW,0
891,0.0,3.0,5.0,0.0,LOW,0
892,0.0,0.0,3.0,0.0,LOW,0
893,0.0,0.0,12.0,0.0,LOW,0
894,0.0,0.0,7.0,0.0,LOW,0
895,0.0,2.0,4.0,0.0,LOW,0
896,1.0,0.0,1.0,0.0,MEDIUM,1
897,0.0,0.0,0.0,0.0,LOW,0
898,0.0,1.0,0.0,0.3333333333333333,HIGH,2
899,0.0,0.0,7.0,0.0,LOW,0
900,0.0,2.0,2.0,0.0,LOW,0
901,0.0,0.0,0.0,0.0,LOW,0
902,0.0,2.0,3.0,0.0,LOW,0
903,0.0,0.0,0.0,0.0,LOW,0
904,1.0,0.0,2.0,0.0,MEDIUM,1
905,2.0,2.0,0.0,0.25,HIGH,2
906,0.0,1.0,2.0,0.0,LOW,0
907,1.0,1.0,0.0,0.0,MEDIUM,1
908,0.0,1.0,2.0,0.25,HIGH,2
909,0.0,0.0,5.0,0.0,LOW,0
910,0.0,4.0,0.0,0.0,LOW,0
911,0.0,0.0,4.0,0.0,LOW,0
912,0.0,0.0,4.0,0.0,LOW,0
913,0.0,0.0,6.0,0.0,LOW,0
914,0.0,1.0,8.0,0.0,LOW,0
915,0.0,1.0,3.0,0.0,LOW,0
916,0.0,1.0,0.0,0.0,LOW,0
917,0.0,0.0,0.0,0.0,LOW,0
918,0.0,1.0,2.0,0.0,LOW,0
919,0.0,1.0,6.0,0.0,LOW,0
920,0.0,0.0,4.0,0.0,LOW,0
921,1.0,2.0,2.0,0.0,MEDIUM,1
922,0.0,0.0,4.0,0.0,LOW,0
923,0.0,0.0,7.0,0.1,MEDIUM,1
924,0.0,0.0,6.0,0.0,LOW,0
925,0.0,1.0,6.0,0.0,LOW,0
926,1.0,1.0,0.0,0.1111111111111111,MEDIUM,1
927,0.0,0.0,11.0,0.0,LOW,0
928,2.0,2.0,1.0,0.3333333333333333,HIGH,2
929,0.0,1.0,4.0,0.125,MEDIUM,1
930,0.0,1.0,3.0,0.0,LOW,0
931,0.0,0.0,10.0,0.0,LOW,0
932,0.0,1.0,10.0,0.0,LOW,0
933,2.0,6.0,4.0,0.14285714285714285,HIGH,2
934,0.0,0.0,7.0,0.0,LOW,0
935,0.0,0.0,4.0,0.0,LOW,0
936,0.0,0.0,4.0,0.0,LOW,0
937,0.0,3.0,0.0,0.0,LOW,0
938,1.0,0.0,0.0,0.0,MEDIUM,1
939,1.0,2.0,3.0,0.0,MEDIUM,1
940,0.0,0.0,8.0,0.0,LOW,0
941,0.0,0.0,8.0,0.0,LOW,0
942,0.0,0.0,6.0,0.14285714285714285,MEDIUM,1
943,0.0,1.0,3.0,0.0,LOW,0
944,1.0,1.0,9.0,0.0,MEDIUM,1
945,0.0,1.0,1.0,0.0,LOW,0
946,0.0,4.0,0.0,0.0,LOW,0
947,0.0,0.0,6.0,0.0,LOW,0
948,0.0,0.0,6.0,0.0,LOW,0
949,0.0,0.0,4.0,0.0,LOW,0
950,0.0,1.0,5.0,0.0,LOW,0
951,0.0,2.0,0.0,0.0,LOW,0
952,0.0,0.0,4.0,0.0,LOW,0
953,0.0,0.0,6.0,0.2,HIGH,2
954,3.0,4.0,1.0,0.0,HIGH,2
955,0.0,0.0,4.0,0.0,LOW,0
956,0.0,0.0,0.0,0.0,LOW,0
957,0.0,0.0,0.0,0.0,LOW,0
958,0.0,1.0,0.0,0.0,LOW,0
959,0.0,0.0,2.0,0.0,LOW,0
960,0.0,1.0,3.0,0.0,LOW,0
961,0.0,0.0,3.0,0.0,LOW,0
962,0.0,0.0,3.0,0.0,LOW,0
963,0.0,0.0,3.0,0.0,LOW,0
964,1.0,1.0,0.0,0.2,HIGH,2
965,0.0,1.0,0.0,0.0,LOW,0
966,0.0,0.0,0.0,0.0,LOW,0
967,0.0,0.0,10.0,0.0,LOW,0
968,0.0,0.0,2.0,0.0,LOW,0
969,0.0,0.0,0.0,0.0,LOW,0
970,0.0,1.0,6.0,0.0,LOW,0
971,0.0,1.0,3.0,0.0,LOW,0
972,0.0,0.0,6.0,0.0,LOW,0
973,0.0,1.0,2.0,0.0,LOW,0
974,0.0,2.0,10.0,0.0,LOW,0
975,0.0,2.0,5.0,0.0,LOW,0
976,0.0,2.0,4.0,0.0,LOW,0
977,0.0,1.0,0.0,0.0,LOW,0
978,0.0,0.0,3.0,0.0,LOW,0
979,0.0,2.0,2.0,0.0,LOW,0
980,0.0,0.0,0.0,0.0,LOW,0
981,0.0,0.0,9.0,0.0,LOW,0
982,0.0,0.0,3.0,0.0,LOW,0
983,0.0,0.0,2.0,0.0,LOW,0
984,0.0,0.0,0.0,0.0,LOW,0
985,0.0,0.0,4.0,0.0,LOW,0
986,0.0,0.0,0.0,0.0,LOW,0
987,0.0,0.0,6.0,0.125,MEDIUM,1
988,1.0,0.0,3.0,0.125,MEDIUM,1
989,0.0,0.0,0.0,0.0,LOW,0
990,0.0,0.0,6.0,0.0,LOW,0
991,0.0,0.0,7.0,0.0,LOW,0
992,0.0,0.0,0.0,0.0,LOW,0
993,0.0,0.0,5.0,0.0,LOW,0
994,0.0,1.0,6.0,0.0,LOW,0
995,2.0,2.0,1.0,0.0,HIGH,2
996,0.0,0.0,10.0,0.0,LOW,0
997,0.0,0.0,5.0,0.0,LOW,0
998,0.0,2.0,2.0,0.0,LOW,0
999,0.0,0.0,2.0,0.0,LOW,0
1000,0.0,1.0,4.0,0.0,LOW,0
