account_id,liquidation_risk,borrowing_risk,repayment_risk,transaction_risk,capital_flow_risk,overall_risk
1,0.3715,0.7283999999999999,0.47350000000000003,0.3335,0.2537,0.459655
2,0.3715,0.4189,0.48675,0.3335,0.5063,0.42282
3,0.3715,0.6275,0.15025000000000002,0.3335,0.7212000000000001,0.439905
4,0.3715,0.54175,0.19275,0.3335,0.8844,0.4514475
5,0.3715,0.67215,0.10574999999999998,0.3335,0.2537,0.3720425
6,0.9004,0.9314,0.63675,0.3335,0.2537,0.7017249999999999
7,0.3715,0.7435,0.5377500000000001,0.3335,0.431,0.5028750000000001
8,0.3715,0.4993,0.22112500000000002,0.3335,0.2537,0.351905
9,0.9192,0.9204,0.553,0.75695,0.4107,0.7537600000000001
10,0.3715,0.6565,0.62425,0.3335,0.5144,0.510935
11,0.3715,0.12894999999999998,0.8455,0.3335,0.2537,0.3841925
12,0.3715,0.12894999999999998,0.8455,0.3335,0.5024,0.42149749999999997
13,0.8206,0.7029000000000001,0.4275,0.3335,0.7932,0.659735
14,0.3715,0.4105,0.248125,0.3335,0.8351999999999999,0.42233
15,0.3715,0.5215000000000001,0.39475000000000005,0.3335,0.5111000000000001,0.43079
16,0.8206,0.7890999999999999,0.25750000000000006,0.3335,0.4439,0.5948899999999999
17,0.3715,0.12894999999999998,0.8455,0.3335,0.2537,0.3841925
18,0.3715,0.8873,0.4975,0.3335,0.4423,0.53247
19,0.3715,0.4648,0.124,0.81365,0.2537,0.37187000000000003
20,0.3715,0.12894999999999998,0.8455,0.3335,0.8954,0.48044749999999997
21,0.3715,0.779,0.312875,0.9589,0.8215999999999999,0.587905
22,0.3715,0.3222,0.201375,0.74365,0.39859999999999995,0.36643000000000003
23,0.9591000000000001,0.70115,0.8455,0.74365,0.40159999999999996,0.7667225
24,0.8206,0.5439,0.39849999999999997,0.9351,0.3711,0.61103
25,0.3715,0.5885,0.3015,0.3335,0.5043,0.42787
26,0.3715,0.6282000000000001,0.08987499999999998,0.3335,0.2537,0.35788000000000003
27,0.3715,0.12894999999999998,0.8455,0.3335,0.413,0.4080875
28,0.3715,0.3185,0.233625,0.9735999999999999,0.2537,0.373215
29,0.8206,0.7333000000000001,0.4085,0.3335,0.8075999999999999,0.6656949999999999
30,0.3715,0.12894999999999998,0.8455,0.3335,0.452,0.41393749999999996
31,0.8206,0.763,0.5815000000000001,0.3335,0.7724,0.70244
32,0.3715,0.68695,0.103125,0.3335,0.2537,0.3752175
33,0.3715,0.9541999999999999,0.52,0.8553,0.73,0.64903
34,0.3715,0.12894999999999998,0.8455,0.3335,0.9914000000000001,0.4948475
35,0.3715,0.12894999999999998,0.8455,0.3335,0.4382,0.4118675
36,0.3715,0.679,0.29874999999999996,0.3335,0.4727,0.44520499999999996
37,0.3715,0.12894999999999998,0.8455,0.3335,0.9726,0.49202749999999995
38,0.3715,0.5582,0.37024999999999997,0.3335,0.2537,0.396455
39,0.3715,0.2822,0.250125,0.7933499999999999,0.48919999999999997,0.38473999999999997
40,0.3715,0.3638,0.34099999999999997,0.3335,0.49639999999999995,0.37840999999999997
41,0.3715,0.5423,0.2215,0.97745,0.2537,0.42712500000000003
42,0.3715,0.7837,0.227,0.3335,0.4691,0.45648999999999995
43,0.3715,0.48375,0.8455,0.3335,0.8772,0.5664175
44,0.8742000000000001,0.7415,0.2135,0.3335,0.39430000000000004,0.5828300000000001
45,0.3715,0.12894999999999998,0.8455,0.3335,0.2537,0.3841925
46,0.8206,0.8044,0.4615,0.81365,0.47479999999999994,0.692165
47,0.3715,0.12894999999999998,0.8455,0.74365,0.9481999999999999,0.5293825
48,0.3715,0.54495,0.15874999999999995,0.7734,0.2537,0.39483250000000003
49,0.3715,0.6808000000000001,0.11787500000000001,0.3335,0.5168,0.416095
50,0.3715,0.7108,0.40224999999999994,0.3335,0.9034,0.53846
51,0.3715,0.6544,0.25325000000000003,0.3335,0.2537,0.39710500000000004
52,0.3715,0.6066,0.18137500000000004,0.3335,0.2537,0.37078
53,0.3715,0.6302,0.11262499999999998,0.74365,0.2537,0.40394500000000005
54,0.9338,0.8612,0.45599999999999996,0.3335,0.2537,0.658045
55,0.3715,0.28955,0.8455,0.81365,0.2537,0.47235750000000004
56,0.3715,0.12894999999999998,0.8455,0.3335,0.7203999999999999,0.4541975
57,0.3715,0.12894999999999998,0.8455,0.81365,0.7454000000000001,0.5059625
58,0.3715,0.4116000000000001,0.459,0.3335,0.8258,0.46337
59,0.3715,0.35819999999999996,0.3915,0.3335,0.2537,0.350705
60,0.8742000000000001,0.39139999999999997,0.435,0.3335,0.2537,0.518515
61,0.9192,0.8542,0.4665,0.3335,0.2537,0.654015
62,0.3715,0.5278,0.20362500000000003,0.3335,0.2537,0.35553
63,0.3715,0.4003,0.320375,0.3335,0.884,0.44155
64,0.3715,0.5877,0.43025,0.3335,0.9532,0.5207550000000001
65,0.3715,0.12894999999999998,0.8455,0.3335,0.7278,0.4553075
66,0.3715,0.5508,0.254625,0.3335,0.5012,0.408605
67,0.3715,0.12894999999999998,0.8455,0.3335,0.8928,0.4800575
68,0.9338,0.6778500000000001,0.8455,0.3335,0.40990000000000004,0.7135375
69,0.3715,0.29755,0.8455,0.9589,0.4376,0.5164675000000001
70,0.3715,0.402,0.44325000000000003,0.3335,0.7722,0.44977999999999996
71,0.784,0.882,0.35975,0.9589,0.5588,0.70736
72,0.3715,0.6353,0.3215,0.3335,0.2537,0.40598
73,0.3715,0.4275,0.265625,0.3335,0.4346,0.36998999999999993
74,0.3715,0.7242999999999999,0.23862500000000003,0.3335,0.7003999999999999,0.47866
75,0.8206,0.7858,0.50475,0.9018499999999999,0.2537,0.6718199999999999
76,0.3715,0.12894999999999998,0.8455,0.3335,0.3938,0.4052075
77,0.3715,0.5773999999999999,0.452,0.7734,0.7717999999999999,0.53931
78,0.3715,0.45409999999999995,0.32425000000000004,0.83605,0.46759999999999996,0.44356999999999996
79,0.3715,0.12894999999999998,0.8455,0.3335,0.7902,0.4646675
80,0.3715,0.4585,0.6132500000000001,0.9421,0.5378,0.523605
81,0.3715,0.6748,0.42325,0.3335,0.8795999999999999,0.53009
82,0.9338,0.8439,0.6677500000000001,0.3335,0.5498,0.7404850000000001
83,0.3715,0.5724,0.05262499999999998,0.709,0.4683,0.40622
84,0.3715,0.12894999999999998,0.8455,0.3335,0.4394,0.4120475
85,0.3715,0.12894999999999998,0.8455,0.3335,0.5552,0.4294175
86,0.3715,0.47014999999999996,0.12049999999999997,0.3335,0.7974,0.40604749999999995
87,0.3715,0.34914999999999996,0.8455,0.3335,0.37229999999999996,0.4570325
88,0.3715,0.44165,0.12675,0.3335,0.48979999999999996,0.35403249999999997
89,0.3715,0.50795,0.1595,0.3335,0.2537,0.3417425
90,0.3715,0.377,0.36575,0.3335,0.8868,0.44521999999999995
91,0.8746,0.8303,0.42325,0.3335,0.5479999999999999,0.670155
92,0.3715,0.5183,0.39625000000000005,0.3335,0.5606,0.43771499999999997
93,0.3715,0.12894999999999998,0.8455,0.3335,0.494,0.4202375
94,0.3715,0.12894999999999998,0.8455,0.83605,0.8542000000000001,0.5245225
95,0.3715,0.3472,0.204125,0.74365,0.8140000000000001,0.43554
96,0.3715,0.47020000000000006,0.07975000000000002,0.74365,0.4412,0.38549500000000003
97,0.8206,0.49529999999999996,0.359125,0.3335,0.5139,0.552265
98,0.8746,0.6952,0.047625,0.7222999999999999,0.44910000000000005,0.5853
99,0.8742000000000001,0.5063,0.39174999999999993,0.3335,0.3799,0.5575199999999999
100,0.8206,0.8507999999999999,0.24050000000000002,0.3335,0.2537,0.5783849999999999
101,0.9761,0.978,0.521,0.3335,0.2537,0.7129349999999999
102,0.3715,0.39959999999999996,0.282875,0.3335,0.5558,0.38464499999999996
103,0.8206,0.9164,0.4335,0.8868,0.2537,0.6887149999999999
104,0.8742000000000001,0.5904,0.39525,0.3335,0.45990000000000003,0.591245
105,0.3715,0.12894999999999998,0.8455,0.83605,0.46219999999999994,0.4657225
106,0.3715,0.3339,0.22937500000000002,0.3335,0.47,0.34465
107,0.3715,0.12894999999999998,0.8455,0.3335,0.2537,0.3841925
108,0.8742000000000001,0.4879,0.32299999999999995,0.3335,0.7104,0.588745
109,0.3715,0.7785,0.2075,0.3335,0.2537,0.41897999999999996
110,0.9573999999999999,0.63185,0.8455,0.3335,0.2537,0.6856875
111,0.3715,0.6053,0.45899999999999996,0.3335,0.4763,0.45936999999999995
112,0.3715,0.3718,0.324875,0.7933499999999999,0.8698,0.47918000000000005
113,0.3715,0.8409,0.22437500000000002,0.71845,0.8119999999999999,0.560195
114,0.3715,0.12894999999999998,0.8455,0.9018499999999999,0.4633999999999999,0.4724825
115,0.8998,0.7114,0.259,0.3335,0.5096,0.60938
116,0.3715,0.3467,0.306625,0.3335,0.2537,0.330855
117,0.3715,0.7953,0.20625,0.7933499999999999,0.2537,0.46891499999999997
118,0.9591000000000001,0.873,0.513,0.3335,0.42319999999999997,0.70541
119,0.3715,0.5534999999999999,0.246,0.3335,0.4223,0.39571999999999996
120,0.3715,0.12894999999999998,0.8455,0.83605,0.8058,0.5172625
121,0.3715,0.61475,0.8455,0.7933499999999999,0.8148,0.6357925
122,0.3715,0.7928999999999999,0.40299999999999997,0.8553,0.2537,0.51386
123,0.3715,0.439,0.52275,0.3335,0.9491999999999999,0.50148
124,0.3715,0.12894999999999998,0.8455,0.3335,0.957,0.48968749999999994
125,0.3715,0.12894999999999998,0.8455,0.3335,0.943,0.48758749999999995
126,0.3715,0.12894999999999998,0.8455,0.7139,0.41059999999999997,0.4457675
127,0.3715,0.12894999999999998,0.8455,0.7734,0.5354,0.4704375
128,0.9338,0.68185,0.8455,0.7734,0.8662,0.8269725
129,0.3715,0.5353,0.11050000000000001,0.8553,0.3791,0.40976999999999997
130,0.3715,0.7451,0.343125,0.9200499999999999,0.3932,0.517335
131,0.3715,0.12894999999999998,0.8455,0.3335,0.9571999999999999,0.4897175
132,0.3715,0.32895,0.8455,0.3335,0.7756,0.5124775
133,0.3715,0.5406,0.30300000000000005,0.8717499999999999,0.2537,0.43243000000000004
134,0.3715,0.6509,0.5085,0.3335,0.713,0.516175
135,0.8742000000000001,0.4234,0.47375,0.3335,0.4466,0.5631999999999999
136,0.9879,0.9479,0.56575,0.3335,0.2537,0.7178999999999999
137,0.3715,0.12894999999999998,0.8455,0.3335,0.42379999999999995,0.4097075
138,0.8746,0.8732,0.42274999999999996,0.3335,0.7250000000000001,0.70733
139,0.3715,0.12894999999999998,0.8455,0.3335,0.4508,0.4137575
140,0.3715,0.57585,0.16487500000000002,0.3335,0.2537,0.3597925
141,0.3715,0.43200000000000005,0.31275,0.3335,0.5084,0.39161
142,0.3715,0.12894999999999998,0.8455,0.3335,0.46159999999999995,0.41537749999999996
143,0.3715,0.6308,0.09275,0.3335,0.2537,0.359105
144,0.3715,0.12894999999999998,0.8455,0.3335,0.5462,0.4280675
145,0.9282000000000001,0.6363,0.4155,0.7296499999999999,0.4274,0.6577099999999999
146,0.8674,0.9498,0.5595,0.71845,0.8424,0.807775
147,0.3715,0.12894999999999998,0.8455,0.9252999999999999,0.2537,0.4433725
148,0.3715,0.12894999999999998,0.8455,0.3335,0.515,0.42338749999999997
149,0.3715,0.23865000000000003,0.8455,0.9501499999999999,0.8752,0.5665075
150,0.3715,0.4885,0.14875,0.81365,0.40519999999999995,0.40547
151,0.3715,0.4927,0.27,0.3335,0.503,0.39742500000000003
152,0.3715,0.4837,0.39549999999999996,0.3335,0.5636,0.429365
153,0.794,0.6782,0.37962500000000005,0.83605,0.4635,0.6368050000000001
154,0.3715,0.44430000000000003,0.5427500000000001,0.3335,0.5162,0.441855
155,0.8480000000000001,0.8743,0.381,0.3335,0.2537,0.62058
156,0.3715,0.12894999999999998,0.8455,0.3335,0.4244,0.4097975
157,0.8742000000000001,0.29455,0.8455,0.3335,0.2537,0.5764024999999999
158,0.3715,0.6315,0.204125,0.3335,0.2537,0.381555
159,0.3715,0.6800999999999999,0.6292500000000001,0.9754499999999999,0.42619999999999997,0.5688
160,0.3715,0.12894999999999998,0.8455,0.3335,0.7964,0.4655975
161,0.9831000000000001,0.8775,0.64,0.3335,0.5186999999999999,0.75346
162,0.3715,0.35945000000000005,0.8455,0.3335,0.5366,0.48425250000000003
163,0.3715,0.7729,0.07400000000000001,0.3335,0.2537,0.39088
164,0.3715,0.12894999999999998,0.8455,0.3335,0.5023,0.4214825
165,0.3715,0.12894999999999998,0.8455,0.3335,0.8804,0.47819749999999994
166,0.3715,0.47600000000000003,0.12,0.71845,0.47539999999999993,0.397605
167,0.3715,0.5159,0.106875,0.75695,0.2537,0.37555
168,0.3715,0.5478,0.19437500000000005,0.3335,0.982,0.467925
169,0.3715,0.12894999999999998,0.8455,0.3335,0.49279999999999996,0.4200575
170,0.3715,0.40305,0.8455,0.3335,0.5414,0.49587250000000005
171,0.3715,0.55935,0.211,0.3335,0.3859,0.3847225
172,0.3715,0.49520000000000003,0.162,0.83605,0.7418,0.46252499999999996
173,0.3715,0.12894999999999998,0.8455,0.9200499999999999,0.5492,0.4871725
174,0.3715,0.12894999999999998,0.8455,0.7933499999999999,0.4154,0.45443249999999996
175,0.3715,0.12894999999999998,0.8455,0.7933499999999999,0.7752000000000001,0.5084025
176,0.8746,0.8963,0.411,0.83605,0.2537,0.6903149999999999
573,0.3715,0.12894999999999998,0.8455,0.3335,0.4214,0.4093475
177,0.3715,0.47429999999999994,0.35775,0.8553,0.4064,0.448065
178,0.3715,0.6343,0.07299999999999998,0.9281,0.4395,0.44336
179,0.3715,0.12894999999999998,0.8455,0.96765,0.44,0.4755525
180,0.3715,0.8383,0.34099999999999997,0.81365,0.2537,0.508645
181,0.3715,0.12894999999999998,0.8455,0.3335,0.8518000000000001,0.47390750000000004
182,0.3715,0.62825,0.13362500000000002,0.3335,0.2537,0.3666425
183,0.3715,0.7678,0.60775,0.8868,0.2537,0.551685
184,0.3715,0.56,0.56075,0.3335,0.5114,0.47366
185,0.3715,0.12894999999999998,0.8455,0.7734,0.4863,0.4630725
186,0.3715,0.12894999999999998,0.8455,0.7933499999999999,0.8982,0.5268525
187,0.3715,0.12894999999999998,0.8455,0.98165,0.5539999999999999,0.4940525
188,0.3715,0.40454999999999997,0.8455,0.7933499999999999,0.8798,0.5929925
189,0.3715,0.12894999999999998,0.8455,0.9018499999999999,0.2537,0.4410275
190,0.3715,0.5882000000000001,0.22500000000000003,0.3335,0.40430000000000005,0.397495
191,0.3715,0.5891000000000001,0.05912499999999998,0.98,0.2537,0.40660499999999994
192,0.3715,0.7639,0.2545,0.3335,0.2537,0.42473
193,0.8554,0.9285000000000001,0.56175,0.3335,0.2537,0.6725
194,0.3715,0.12894999999999998,0.8455,0.3335,0.728,0.45533749999999995
195,0.3715,0.6233,0.1605,0.3335,0.39390000000000003,0.39181
196,0.3715,0.5275000000000001,0.38175000000000003,0.3335,0.43279999999999996,0.417945
197,0.3715,0.48109999999999997,0.45000000000000007,0.3335,0.7924,0.473935
198,0.3715,0.4814,0.506,0.3335,0.7675999999999998,0.48149
199,0.3715,0.6716,0.56,0.3335,0.5159,0.502085
200,0.3715,0.6504,0.315125,0.3335,0.2537,0.40848
201,0.3715,0.3321,0.17974999999999997,0.74365,0.7222,0.41312
202,0.794,0.8343,0.5462499999999999,0.3335,0.45559999999999995,0.6577149999999999
203,0.3715,0.8811,0.3145,0.3335,0.45230000000000004,0.49582
204,0.8742000000000001,0.4343,0.386,0.7734,0.5276000000000001,0.604515
205,0.3715,0.12894999999999998,0.8455,0.3335,0.7088,0.45245749999999996
206,0.3715,0.4384,0.11487499999999998,0.7296499999999999,0.2537,0.355045
207,0.3715,0.61515,0.08224999999999999,0.3335,0.2537,0.35309250000000003
208,0.794,0.8754,0.51925,0.97745,0.407,0.719695
209,0.3715,0.5115999999999999,0.32475000000000004,0.3335,0.39139999999999997,0.39636
210,0.3715,0.3812,0.4945,0.7111000000000001,0.9718,0.5225299999999999
211,0.794,0.6697,0.32199999999999995,0.7076,0.2537,0.57884
212,0.3715,0.34180000000000005,0.2455,0.8868,0.4211,0.397845
213,0.3715,0.7659,0.223125,0.81365,0.2537,0.46697000000000005
214,0.3715,0.8191999999999999,0.41174999999999995,0.3335,0.841,0.5580999999999999
215,0.3715,0.35665,0.8455,0.7734,0.9912000000000001,0.5957325
216,0.3715,0.12894999999999998,0.8455,0.3335,0.3926,0.4050275
217,0.3715,0.6382,0.24625,0.3335,0.2537,0.39165500000000003
218,0.3715,0.12894999999999998,0.8455,0.3335,0.8286,0.4704275
219,0.9704999999999999,0.9516,0.6175,0.74365,0.2537,0.76497
220,0.3715,0.7861,0.22775,0.3335,0.4799,0.45885999999999993
221,0.3715,0.4434,0.48250000000000004,0.3335,0.2537,0.390205
222,0.9358,0.70005,0.8455,0.3335,0.9676,0.8033425000000001
223,0.794,0.8348000000000001,0.2905,0.3335,0.4747,0.609555
224,0.3715,0.4616,0.267875,0.3335,0.5324,0.39363499999999996
225,0.3715,0.3372,0.30212500000000003,0.3335,0.7958000000000001,0.408895
226,0.3715,0.4951,0.537,0.3335,0.8235999999999999,0.499515
227,0.3715,0.12894999999999998,0.8455,0.3335,0.9678,0.4913075
228,0.8206,0.4081,0.51,0.7933499999999999,0.9749999999999999,0.6757899999999999
229,0.3715,0.8091,0.3945,0.8553,0.2537,0.5162100000000001
230,0.3715,0.6206,0.20875000000000002,0.3335,0.2537,0.379755
231,0.3715,0.7192999999999999,0.173375,0.3335,0.2537,0.39735499999999996
232,0.8206,0.7844,0.353125,0.3335,0.40399999999999997,0.606855
233,0.3715,0.5136000000000001,0.21012499999999998,0.3335,0.8200000000000001,0.438225
234,0.3715,0.12894999999999998,0.8455,0.3335,0.47659999999999997,0.4176275
235,0.3715,0.3035,0.18212499999999998,0.71845,0.5594,0.379505
236,0.3715,0.5006,0.34625,0.3335,0.2537,0.377255
237,0.3715,0.7399,0.215,0.3335,0.45470000000000005,0.44098
238,0.8746,0.8713,0.34199999999999997,0.81365,0.40950000000000003,0.691395
239,0.3715,0.6952,0.43424999999999997,0.96275,0.2537,0.5064299999999999
240,0.3715,0.33055,0.32275,0.3335,0.9448000000000001,0.43370749999999997
241,0.954,0.8291,0.42274999999999996,0.3335,0.2537,0.6494299999999998
242,0.3715,0.6617,0.4995,0.3335,0.41419999999999996,0.472255
243,0.3715,0.739,0.09662499999999999,0.3335,0.2537,0.38693
244,0.8742000000000001,0.5403,0.5357500000000001,0.3335,0.8262,0.661765
245,0.3715,0.4876,0.16512500000000002,0.3335,0.7286,0.409015
246,0.3715,0.5543,0.40025,0.8868,0.4339,0.48384
247,0.3715,0.12894999999999998,0.8455,0.93335,0.7072,0.5122025
248,0.3715,0.62365,0.17925000000000002,0.3335,0.2537,0.3746175
249,0.3715,0.5042,0.127,0.81365,0.7066,0.45025499999999996
250,0.3715,0.12894999999999998,0.8455,0.3335,0.3962,0.40556749999999997
251,0.3715,0.12894999999999998,0.8455,0.3335,0.5204,0.4241975
252,0.9192,0.9200999999999999,0.5982500000000001,0.3335,0.41779999999999995,0.721455
253,0.3715,0.46829999999999994,0.41374999999999995,0.3335,0.2537,0.38267999999999996
254,0.3715,0.3971,0.464,0.8553,0.4826,0.461445
255,0.3715,0.5353,0.09425,0.7296499999999999,0.2537,0.375145
256,0.3715,0.4111,0.54625,0.3335,0.521,0.434975
257,0.3715,0.12894999999999998,0.8455,0.3335,0.5426,0.42752749999999995
258,0.3715,0.7845,0.6175,0.3335,0.2537,0.5024799999999999
259,0.3715,0.6849,0.26125000000000004,0.8553,0.2537,0.45851000000000003
260,0.3715,0.12894999999999998,0.8455,0.91445,0.907,0.5402825
261,0.3715,0.6604000000000001,0.103875,0.8868,0.2537,0.42406000000000005
262,0.8206,0.6591,0.5155,0.3335,0.7306,0.6569949999999999
263,0.3715,0.12894999999999998,0.8455,0.7734,0.5672,0.4752075
264,0.8480000000000001,0.9591000000000001,0.617,0.83605,0.2537,0.739235
265,0.3715,0.33240000000000003,0.28137500000000004,0.7139,0.5115000000000001,0.39894
266,0.3715,0.12894999999999998,0.8455,0.3335,0.8652,0.4759175
267,0.8412000000000001,0.9481999999999999,0.4495,0.9589,0.40750000000000003,0.736325
268,0.3715,0.32030000000000003,0.19599999999999998,0.9501499999999999,0.39630000000000004,0.38518500000000006
269,0.7858,0.8373,0.3265,0.3335,0.5264,0.6226750000000001
270,0.3715,0.12894999999999998,0.8455,0.3335,0.9452,0.4879175
271,0.8742000000000001,0.5616,0.24662499999999998,0.3335,0.5528,0.568255
272,0.8206,0.7374,0.36575,0.75695,0.7585999999999999,0.6931649999999999
273,0.3715,0.7896000000000001,0.33425,0.3335,0.2537,0.44710500000000003
274,0.3715,0.12894999999999998,0.8455,0.3335,0.2537,0.3841925
275,0.3715,0.46730000000000005,0.13725,0.7734,0.2537,0.37112
276,0.3715,0.6265499999999999,0.075875,0.3335,0.9122,0.45344249999999997
277,0.794,0.8826,0.45999999999999996,0.3335,0.2537,0.6222549999999999
278,0.3715,0.5944,0.263,0.7933499999999999,0.5007,0.46709
279,0.3715,0.12894999999999998,0.8455,0.9501499999999999,0.9663999999999999,0.5527625
280,0.3715,0.40225,0.226625,0.3335,0.47959999999999997,0.3626275
281,0.7832,0.9038,0.505,0.75695,0.45310000000000006,0.70557
282,0.8206,0.7365,0.2745,0.3335,0.913,0.655505
283,0.8206,0.5469999999999999,0.38675000000000004,0.74365,0.2537,0.5727
284,0.3715,0.6335000000000001,0.15137499999999998,0.3335,0.5251,0.412215
285,0.3715,0.12894999999999998,0.8455,0.3335,0.9512,0.4888175
286,0.3715,0.36250000000000004,0.45825,0.7296499999999999,0.42679999999999996,0.43071000000000004
287,0.8206,0.8245,0.46475,0.98165,0.2537,0.6814749999999998
288,0.794,0.8023,0.27825,0.3335,0.7532000000000001,0.640755
289,0.3715,0.48,0.24537500000000004,0.3335,0.5329999999999999,0.393825
290,0.9192,0.8757000000000001,0.50975,0.3335,0.3879,0.6881700000000001
291,0.8206,0.7602,0.405,0.74365,0.5474,0.6737050000000001
292,0.8746,0.9200999999999999,0.25912500000000005,0.3335,0.2537,0.6156349999999999
293,0.3715,0.12894999999999998,0.8455,0.3335,0.5,0.4211375
294,0.3715,0.643,0.5640000000000001,0.81365,0.563,0.550815
295,0.3715,0.12894999999999998,0.8455,0.3335,0.6981999999999999,0.4508675
296,0.8998,0.5509499999999999,0.8455,0.3335,0.2537,0.6481825
297,0.8998,0.9167000000000001,0.66925,0.3335,0.4195,0.72924
298,0.9573999999999999,0.8956000000000001,0.47025000000000006,0.7933499999999999,0.4331,0.7494699999999999
299,0.3715,0.85,0.5525,0.9974999999999998,0.2537,0.5722549999999998
300,0.8742000000000001,0.40835,0.8455,0.3335,0.6848,0.6695175000000001
301,0.8832,0.9294,0.5932499999999999,0.3335,0.2537,0.6873649999999999
302,0.3715,0.54215,0.8455,0.3335,0.3907,0.5080425000000001
303,0.3715,0.5365,0.14,0.3335,0.40279999999999994,0.367345
304,0.3715,0.8783000000000001,0.35574999999999996,0.3335,0.2537,0.47358
305,0.8746,0.7585000000000001,0.6252499999999999,0.7734,0.4419,0.72068
306,0.3715,0.12894999999999998,0.8455,0.3335,0.5456,0.4279775
307,0.9441999999999999,0.9776,0.5740000000000001,0.3335,0.2537,0.713865
308,0.3715,0.5635500000000001,0.8455,0.3335,0.851,0.5824374999999999
309,0.3715,0.3565,0.37625000000000003,0.3335,0.2537,0.34723
310,0.3715,0.6382000000000001,0.168,0.3335,0.2537,0.37600500000000003
311,0.9441999999999999,0.9111,0.51175,0.3335,0.2537,0.6847899999999999
312,0.3715,0.12894999999999998,0.8455,0.83605,0.5522,0.4792225
313,0.8746,0.9781,0.6312500000000001,0.3335,0.44830000000000003,0.7337499999999999
314,0.3715,0.35234999999999994,0.22350000000000003,0.3335,0.446,0.3444875
315,0.3715,0.5437000000000001,0.23612500000000003,0.3335,0.2537,0.366005
316,0.8206,0.6745,0.23274999999999998,0.3335,0.8752,0.6259849999999999
317,0.8742000000000001,0.38034999999999997,0.8455,0.7933499999999999,0.9478000000000001,0.7479524999999999
318,0.7858,0.9202000000000001,0.52275,0.8717499999999999,0.2537,0.69557
319,0.3715,0.12894999999999998,0.8455,0.3335,0.2537,0.3841925
320,0.3715,0.12894999999999998,0.8455,0.3335,0.48439999999999994,0.4187975
321,0.3715,0.5445,0.5245,0.8553,0.9206,0.576095
322,0.954,0.68785,0.8455,0.3335,0.2537,0.6986674999999999
323,0.3715,0.12894999999999998,0.8455,0.3335,0.7402,0.45716749999999995
324,0.3715,0.47535,0.18712500000000004,0.7933499999999999,0.2537,0.38510249999999996
325,0.3715,0.32685,0.180125,0.7296499999999999,0.5317999999999999,0.3819225
326,0.3715,0.5326,0.09962499999999999,0.7933499999999999,0.7258,0.45272999999999997
327,0.3715,0.619,0.36,0.7734,0.40579999999999994,0.47641
328,0.3715,0.12894999999999998,0.8455,0.3335,0.9926,0.49502749999999995
329,0.3715,0.12894999999999998,0.8455,0.3335,0.479,0.41798749999999996
330,0.3715,0.5659000000000001,0.16612500000000002,0.3335,0.2537,0.357555
331,0.3715,0.5142000000000001,0.16862500000000002,0.3335,0.3851,0.36484
332,0.954,0.59835,0.8455,0.83605,0.5066,0.7644825000000001
333,0.3715,0.6542,0.165125,0.3335,0.39590000000000003,0.40076
334,0.8554,0.9508000000000001,0.65575,0.3335,0.48710000000000003,0.7318850000000001
335,0.3715,0.365,0.40374999999999994,0.3335,0.8468,0.44382
336,0.3715,0.4821,0.494,0.7734,0.5546,0.491305
337,0.8742000000000001,0.33594999999999997,0.8455,0.3335,0.47839999999999994,0.6204575000000001
338,0.3715,0.12894999999999998,0.8455,0.75695,0.518,0.4661825
339,0.3715,0.6382,0.384,0.8868,0.7368,0.5469999999999999
340,0.3715,0.12894999999999998,0.8455,0.3335,0.48739999999999994,0.4192475
341,0.3715,0.12894999999999998,0.8455,0.3335,0.42019999999999996,0.40916749999999996
342,0.3715,0.5488999999999999,0.335,0.3335,0.428,0.41322499999999995
343,0.9338,0.9343,0.63175,0.3335,0.2537,0.71147
344,0.8742000000000001,0.47719999999999996,0.2545,0.3335,0.2537,0.503865
345,0.3715,0.12894999999999998,0.8455,0.9018499999999999,0.7212000000000001,0.5111525
346,0.3715,0.43005000000000004,0.22799999999999998,0.3335,0.2537,0.33596750000000003
347,0.3715,0.5083,0.48275,0.3335,0.4916,0.44216500000000003
348,0.3715,0.4857,0.38825,0.7734,0.8784000000000001,0.519625
349,0.3715,0.5848,0.2915,0.3335,0.4787,0.421105
350,0.3715,0.12894999999999998,0.8455,0.3335,0.5312,0.42581749999999996
351,0.3715,0.3144,0.271,0.3335,0.4291,0.341965
352,0.3715,0.8791000000000001,0.504,0.3335,0.4399,0.5313599999999999
619,0.3715,0.12894999999999998,0.8455,0.3335,0.839,0.4719875
353,0.3715,0.494,0.253125,0.3335,0.5384,0.399685
354,0.3715,0.12894999999999998,0.8455,0.3335,0.5347,0.42634249999999996
355,0.3715,0.12894999999999998,0.8455,0.3335,0.5192,0.4240175
356,0.3715,0.639,0.304,0.3335,0.2537,0.403405
357,0.3715,0.12894999999999998,0.8455,0.3335,0.4538,0.41420749999999995
358,0.3715,0.12894999999999998,0.8455,0.3335,0.2537,0.3841925
359,0.3715,0.8308,0.201875,0.3335,0.2537,0.43093
360,0.3715,0.4422,0.321125,0.3335,0.5306,0.39916499999999994
361,0.3715,0.12894999999999998,0.8455,0.3335,0.48619999999999997,0.4190675
362,0.3715,0.6828,0.15737500000000001,0.3335,0.2537,0.38503000000000004
363,0.8206,0.6123000000000001,0.3115,0.9200499999999999,0.2537,0.591615
364,0.3715,0.3106,0.215875,0.81365,0.39499999999999996,0.37289
365,0.3715,0.4501,0.41325,0.3335,0.4903,0.41352
366,0.3715,0.7272,0.4195,0.9834999999999998,0.4472,0.54258
367,0.8206,0.8086,0.4570000000000001,0.3335,0.5048,0.6488
368,0.7858,0.71365,0.8455,0.8868,0.5612,0.7561125000000001
369,0.8206,0.55445,0.8455,0.3335,0.5255000000000001,0.6660675
370,0.3715,0.12894999999999998,0.8455,0.3335,0.5432,0.4276175
371,0.8742000000000001,0.5398000000000001,0.23424999999999999,0.3335,0.5468,0.55943
372,0.3715,0.12894999999999998,0.8455,0.3335,0.8204,0.4691975
373,0.9189999999999999,0.9143000000000001,0.39150000000000007,0.88435,0.5279,0.7501950000000002
374,0.9573999999999999,0.9469,0.47850000000000004,0.7933499999999999,0.2537,0.7370349999999999
375,0.3715,0.12894999999999998,0.8455,0.9501499999999999,0.5228,0.4862225
376,0.9573999999999999,0.71435,0.8455,0.3335,0.40819999999999995,0.7294875
377,0.3715,0.5082,0.48724999999999996,0.8717499999999999,0.4499,0.49061
378,0.3715,0.5598000000000001,0.21737500000000004,0.3335,0.5151,0.40549
379,0.3715,0.8066,0.39325,0.81365,0.2537,0.51117
380,0.8998,0.62105,0.8455,0.3335,0.9598,0.7716225000000001
381,0.9441999999999999,0.9329,0.585,0.9501499999999999,0.2537,0.7665549999999999
382,0.3715,0.629,0.38975000000000004,0.3335,0.9598,0.52397
383,0.8742000000000001,0.5892000000000001,0.22824999999999998,0.3335,0.2537,0.5266149999999999
384,0.8742000000000001,0.39759999999999995,0.48674999999999996,0.3335,0.3819,0.5496449999999999
385,0.3715,0.5115,0.23375,0.3335,0.83,0.44392499999999996
386,0.3715,0.4569,0.42725,0.3335,0.2537,0.38253
387,0.3715,0.12894999999999998,0.8455,0.8553,0.2537,0.4363725
388,0.3715,0.33425,0.21937500000000001,0.3335,0.3974,0.33184749999999996
389,0.3715,0.4749,0.37050000000000005,0.3335,0.4867,0.41063
390,0.3715,0.382,0.42400000000000004,0.8868,0.3968,0.43995000000000006
391,0.9338,0.8675999999999999,0.5935,0.3335,0.45979999999999993,0.7180599999999999
392,0.3715,0.57395,0.19675000000000004,0.3335,0.2537,0.3656925
393,0.954,0.6954,0.6675,0.3335,0.45110000000000006,0.694565
394,0.9338,0.68855,0.8455,0.3335,0.909,0.7910775
395,0.3715,0.6789000000000001,0.03612499999999999,0.9351,0.44510000000000005,0.448675
396,0.3715,0.5981,0.5215,0.83605,0.2537,0.48693499999999995
397,0.9725999999999999,0.8136999999999999,0.36524999999999996,0.9958,0.8290000000000001,0.7921849999999999
398,0.3715,0.7637,0.35025,0.3335,0.4827,0.47818
399,0.3715,0.12894999999999998,0.8455,0.3335,0.5343,0.4262825
400,0.3715,0.49319999999999997,0.48450000000000004,0.3335,0.45859999999999995,0.43379
401,0.3715,0.5426,0.140375,0.7734,0.46399999999999997,0.422115
402,0.3715,0.12894999999999998,0.8455,0.3335,0.4886,0.41942749999999995
403,0.8742000000000001,0.67975,0.09087500000000001,0.7734,0.2537,0.5657675
404,0.8998,0.8033,0.35487500000000005,0.3335,0.5006,0.65018
405,0.3715,0.5849000000000001,0.453,0.3335,0.4343,0.44677
406,0.3715,0.6029,0.40625,0.3335,0.7636000000000001,0.49131499999999995
407,0.3715,0.6721,0.462,0.83605,0.39979999999999993,0.5154500000000001
408,0.3715,0.32115000000000005,0.19474999999999998,0.3335,0.2537,0.3020925
409,0.3715,0.5587,0.5015000000000001,0.8553,0.4526,0.504845
410,0.3715,0.12894999999999998,0.8455,0.3335,0.5222,0.4244675
411,0.3715,0.5878,0.40900000000000003,0.3335,0.4363,0.4389949999999999
412,0.3715,0.12894999999999998,0.8455,0.3335,0.9372,0.4867175
413,0.3715,0.4261,0.5267499999999999,0.3335,0.4879,0.42985999999999996
414,0.3715,0.5720000000000001,0.5525,0.7933499999999999,0.5363,0.52473
415,0.9027999999999999,0.9218999999999999,0.5760000000000001,0.9754499999999999,0.7842,0.8316899999999999
416,0.3715,0.35,0.294625,0.3335,0.2537,0.32927999999999996
417,0.8206,0.46835000000000004,0.8455,0.3335,0.885,0.6984675
418,0.3715,0.6321,0.19012500000000002,0.3335,0.473,0.4118
419,0.8742000000000001,0.4492,0.58775,0.3335,0.2537,0.563515
420,0.8480000000000001,0.9307999999999998,0.53525,0.3335,0.46939999999999993,0.6979099999999999
421,0.8742000000000001,0.3295,0.39975,0.3335,0.4311,0.5226000000000001
422,0.3715,0.7403,0.32625,0.3335,0.9892,0.5435049999999999
423,0.3715,0.12894999999999998,0.8455,0.3335,0.7545999999999999,0.4593275
424,0.3715,0.47935000000000005,0.16274999999999998,0.3335,0.2537,0.3352425
425,0.9338,0.5995499999999999,0.8455,0.7734,0.4484,0.7437275
426,0.8832,0.9415,0.543,0.3335,0.5042,0.717915
427,0.8746,0.9322000000000001,0.64275,0.3335,0.2537,0.695385
428,0.3715,0.46040000000000003,0.12424999999999997,0.7139,0.49950000000000006,0.39771500000000004
429,0.8998,0.7468,0.5335,0.3335,0.566,0.68159
430,0.8206,0.7006,0.40024999999999994,0.3335,0.49219999999999997,0.6085599999999999
431,0.8206,0.5986,0.0695,0.74365,0.7856000000000001,0.6019350000000001
432,0.3715,0.37705,0.8455,0.91445,0.9046000000000001,0.6019475
433,0.3715,0.746,0.23212500000000003,0.3335,0.4723,0.44856999999999997
434,0.3715,0.12894999999999998,0.8455,0.3335,0.45799999999999996,0.41483749999999997
435,0.8206,0.6612,0.54025,0.3335,0.45030000000000003,0.6204249999999999
436,0.3715,0.12894999999999998,0.8455,0.3335,0.5174,0.4237475
437,0.3715,0.3443,0.27275,0.3335,0.8505999999999999,0.41301499999999997
438,0.3715,0.7903000000000001,0.34824999999999995,0.3335,0.5235000000000001,0.49055
439,0.3715,0.4025,0.202375,0.83605,0.2537,0.37421
440,0.3715,0.5972,0.09699999999999998,0.81365,0.2537,0.39957
441,0.8742000000000001,0.6676000000000001,0.35550000000000004,0.3335,0.2537,0.571665
442,0.3715,0.12894999999999998,0.8455,0.7296499999999999,0.47719999999999996,0.4573325
443,0.3715,0.12894999999999998,0.8455,0.3335,0.482,0.41843749999999996
444,0.3715,0.7296,0.143625,0.7296499999999999,0.5171,0.473105
445,0.3715,0.30895,0.8455,0.99505,0.8952,0.5915725000000001
446,0.3715,0.12894999999999998,0.8455,0.3335,0.2537,0.3841925
447,0.8206,0.6608,0.61275,0.81365,0.4663,0.6852400000000001
448,0.3715,0.7408,0.478375,0.98,0.2537,0.52838
449,0.3715,0.31005,0.196875,0.3335,0.2537,0.29974249999999997
450,0.3715,0.6122,0.632,0.8553,0.9046,0.61212
451,0.3715,0.12894999999999998,0.8455,0.3335,0.698,0.4508375
452,0.3715,0.7386,0.16450000000000004,0.3335,0.2537,0.400405
453,0.8998,0.7811,0.55425,0.3335,0.2537,0.64747
454,0.3715,0.7332,0.24125000000000002,0.3335,0.2537,0.41440499999999997
455,0.8206,0.6291,0.10974999999999999,0.7069,0.7432000000000001,0.6075750000000001
456,0.3715,0.6555,0.32275,0.3335,0.8420000000000001,0.499525
457,0.3715,0.8144,0.226625,0.3335,0.2537,0.43178
458,0.3715,0.29905000000000004,0.8455,0.3335,0.915,0.5259125
459,0.3715,0.12894999999999998,0.8455,0.94,0.2537,0.4448425
460,0.3715,0.3924,0.183,0.75695,0.2537,0.35990000000000005
461,0.3715,0.12894999999999998,0.8455,0.81365,0.5036,0.4696925
462,0.3715,0.29484999999999995,0.25162500000000004,0.3335,0.2537,0.3068925
463,0.3715,0.48460000000000003,0.20425000000000004,0.74365,0.449,0.415165
464,0.9441999999999999,0.72195,0.8455,0.81365,0.4191,0.7770775
465,0.3715,0.6494,0.235,0.3335,0.8838,0.48671999999999993
466,0.3715,0.12894999999999998,0.8455,0.3335,0.49939999999999996,0.42104749999999996
467,0.8742000000000001,0.4173,0.21075,0.96765,0.4999,0.580485
468,0.3715,0.12894999999999998,0.8455,0.3335,0.9122000000000001,0.4829675
469,0.3715,0.12894999999999998,0.8455,0.3335,0.485,0.41888749999999997
470,0.8480000000000001,0.9630000000000001,0.61575,0.8717499999999999,0.46110000000000007,0.7746400000000001
471,0.3715,0.12894999999999998,0.8455,0.3335,0.4196,0.4090775
472,0.3715,0.12894999999999998,0.8455,0.3335,0.419,0.40898749999999995
473,0.3715,0.6919000000000001,0.131625,0.3335,0.47950000000000004,0.41602500000000003
474,0.3715,0.8812,0.366,0.3335,0.5258,0.51717
475,0.8742000000000001,0.7834000000000001,0.59075,0.3335,0.2537,0.6476649999999999
476,0.3715,0.6736,0.28400000000000003,0.3335,0.2537,0.408055
477,0.3715,0.5257000000000001,0.2935,0.75695,0.5186000000000001,0.4550600000000001
478,0.3715,0.12894999999999998,0.8455,0.81365,0.5534,0.47716250000000004
479,0.8480000000000001,0.9482,0.497,0.3335,0.2537,0.662255
480,0.3715,0.6862999999999999,0.43724999999999997,0.3335,0.7584,0.517585
481,0.3715,0.6752,0.08099999999999999,0.8717499999999999,0.2537,0.42168
482,0.3715,0.5557000000000001,0.31175,0.3335,0.967,0.49112500000000003
483,0.3715,0.5516000000000001,0.08162499999999998,0.3335,0.41479999999999995,0.361245
484,0.8206,0.533,0.23025,0.3335,0.2537,0.49688499999999997
708,0.3715,0.12894999999999998,0.8455,0.3335,0.4448,0.4128575
485,0.3715,0.46870000000000006,0.312,0.3335,0.491,0.398025
486,0.9505,0.9723999999999999,0.625,0.74365,0.3823,0.78496
487,0.3715,0.7978000000000001,0.20599999999999996,0.7734,0.2537,0.46749500000000005
488,0.7858,0.9087000000000001,0.443,0.3335,0.3843,0.6425099999999999
489,0.3715,0.55235,0.10300000000000001,0.3335,0.2537,0.34154249999999997
490,0.3715,0.4063,0.15462499999999998,0.9421,0.46030000000000004,0.40720500000000004
491,0.3715,0.12894999999999998,0.8455,0.3335,0.45499999999999996,0.41438749999999996
492,0.9843999999999999,0.7964,0.6065,0.7933499999999999,0.4275,0.75918
493,0.8998,0.7911,0.56875,0.7139,0.47119999999999995,0.7235349999999999
494,0.3715,0.519,0.35724999999999996,0.3335,0.782,0.4633
495,0.3715,0.4016,0.3915,0.3335,0.4923,0.397345
496,0.3715,0.5221,0.10650000000000001,0.75695,0.5372,0.41955
497,0.3715,0.34090000000000004,0.150625,0.7111000000000001,0.9268000000000001,0.43693000000000004
498,0.9831000000000001,0.9282999999999999,0.618,0.3335,0.4316,0.748695
499,0.3715,0.4532,0.49374999999999997,0.3335,0.509,0.43320000000000003
500,0.3715,0.6584,0.22262500000000002,0.3335,0.2537,0.39198000000000005
501,0.9704999999999999,0.9198,0.665,0.3335,0.2537,0.7255049999999998
502,0.3715,0.4808,0.38249999999999995,0.3335,0.5126000000000001,0.41839
503,0.3715,0.12894999999999998,0.8455,0.3335,0.5291,0.4255025
504,0.8206,0.5645,0.34099999999999997,0.3335,0.2537,0.52691
505,0.3715,0.4957,0.11912500000000001,0.75695,0.8268,0.45891499999999996
506,0.3715,0.7235,0.41337500000000005,0.71845,0.39919999999999994,0.506725
507,0.3715,0.6949,0.26325,0.3335,0.4203,0.43421999999999994
508,0.3715,0.40759999999999996,0.36224999999999996,0.3335,0.4256,0.38299
509,0.3715,0.6272,0.254125,0.8553,0.2537,0.44266
510,0.3715,0.5196000000000001,0.12212500000000001,0.96275,0.5166999999999999,0.439555
511,0.3715,0.12894999999999998,0.8455,0.3335,0.434,0.4112375
512,0.3715,0.7925,0.24950000000000003,0.9018499999999999,0.3759,0.506045
513,0.954,0.8401000000000001,0.5565,0.3335,0.7656000000000001,0.7557149999999999
514,0.9004,0.9363,0.458,0.3335,0.2537,0.6671999999999999
515,0.3715,0.7338,0.278125,0.3335,0.2537,0.42192999999999997
516,0.8206,0.48505,0.8455,0.7734,0.847,0.7409325
517,0.3715,0.12894999999999998,0.8455,0.3335,0.49879999999999997,0.4209575
518,0.8746,0.855,0.46775,0.3335,0.2537,0.6410849999999999
519,0.3715,0.12894999999999998,0.8455,0.7734,0.7130000000000001,0.4970775
520,0.3715,0.12894999999999998,0.8455,0.3335,0.8664000000000001,0.47609749999999995
521,0.3715,0.7631,0.1925,0.8553,0.2537,0.46430999999999994
522,0.3715,0.12894999999999998,0.8455,0.3335,0.5246000000000001,0.4248275
523,0.3715,0.12894999999999998,0.8455,0.3335,0.5132,0.4231175
524,0.3715,0.4648,0.5782499999999999,0.3335,0.4364,0.44211
525,0.3715,0.12894999999999998,0.8455,0.3335,0.4094,0.40754749999999995
526,0.3715,0.7855,0.17012500000000003,0.3335,0.40790000000000004,0.436385
527,0.3715,0.6413,0.46049999999999996,0.3335,0.5071000000000001,0.47329
528,0.3715,0.12894999999999998,0.8455,0.3335,0.4004,0.4061975
529,0.3715,0.2988,0.230375,0.96765,0.4982,0.40371999999999997
530,0.3715,0.12894999999999998,0.8455,0.3335,0.49310000000000004,0.4201025
531,0.3715,0.38480000000000003,0.475,0.3335,0.692,0.43979999999999997
532,0.3715,0.4446,0.52525,0.3335,0.6981999999999999,0.46573
533,0.3715,0.4772,0.28437500000000004,0.3335,0.8887999999999999,0.454295
534,0.3715,0.6372,0.31299999999999994,0.7933499999999999,0.8175999999999999,0.5353249999999999
535,0.8742000000000001,0.6495,0.34525,0.8868,0.37029999999999996,0.63791
536,0.9338,0.68485,0.8455,0.3335,0.8374,0.7794125000000001
537,0.3715,0.12894999999999998,0.8455,0.3335,0.4952,0.4204175
538,0.8206,0.7007999999999999,0.40012499999999995,0.709,0.8618,0.701575
539,0.3715,0.25765000000000005,0.8455,0.3335,0.5108,0.4549325000000001
540,0.3715,0.5992999999999999,0.293625,0.3335,0.2537,0.391405
541,0.8554,0.9406,0.60125,0.3335,0.2537,0.683425
542,0.3715,0.5706,0.2705,0.3335,0.2537,0.379605
543,0.3715,0.5996,0.2305,0.81365,0.46950000000000003,0.45924000000000004
544,0.3715,0.12894999999999998,0.8455,0.9351,0.8714,0.5370075
545,0.8206,0.7935000000000001,0.35050000000000003,0.3335,0.425,0.611755
546,0.8206,0.5554,0.5790000000000001,0.3335,0.4334,0.59919
547,0.9192,0.67505,0.8455,0.7933499999999999,0.48079999999999995,0.7650775000000001
548,0.3715,0.6653,0.32749999999999996,0.3335,0.4475,0.44375
549,0.3715,0.12894999999999998,0.8455,0.3335,0.7894,0.4645475
550,0.3715,0.3819,0.429,0.3335,0.5359999999999999,0.406475
551,0.3715,0.8118999999999998,0.258125,0.3335,0.2537,0.437455
552,0.3715,0.12894999999999998,0.8455,0.3335,0.5216000000000001,0.42437749999999996
553,0.8206,0.8239000000000001,0.446875,0.81365,0.4175,0.68552
554,0.3715,0.5504,0.274,0.3335,0.8806,0.46929
555,0.3715,0.12894999999999998,0.8455,0.3335,0.6921999999999999,0.44996749999999996
556,0.3715,0.12894999999999998,0.8455,0.3335,0.2537,0.3841925
557,0.3715,0.46109999999999995,0.33125,0.3335,0.47179999999999994,0.397095
558,0.3715,0.6279,0.071375,0.81365,0.2537,0.40212000000000003
559,0.3715,0.725,0.61175,0.3335,0.7986,0.56819
560,0.3715,0.4809,0.5017499999999999,0.3335,0.8304,0.489935
561,0.8206,0.5753999999999999,0.33475,0.3335,0.5067,0.566335
562,0.8998,0.9082,0.61575,0.3335,0.2537,0.691545
563,0.3715,0.12894999999999998,0.8455,0.3335,0.39199999999999996,0.40493749999999995
564,0.794,0.8822,0.67025,0.98165,0.5087,0.76727
565,0.8206,0.8178999999999998,0.47325000000000006,0.3335,0.5666,0.6636449999999999
566,0.954,0.58455,0.8455,0.81365,0.40879999999999994,0.7441225
567,0.3715,0.12894999999999998,0.8455,0.3335,0.524,0.4247375
568,0.3715,0.6802,0.306,0.3335,0.2537,0.414105
569,0.3715,0.7495,0.39649999999999996,0.98165,0.2537,0.5143449999999999
570,0.3715,0.12894999999999998,0.8455,0.3335,0.5642,0.43076749999999997
571,0.3715,0.3353,0.231375,0.83605,0.9087999999999999,0.46147499999999997
572,0.3715,0.12894999999999998,0.8455,0.3335,0.8914,0.4798475
574,0.954,0.8163,0.6555,0.3335,0.2537,0.69278
575,0.3715,0.12894999999999998,0.8455,0.9252999999999999,0.2537,0.4433725
576,0.3715,0.57455,0.19475000000000003,0.3335,0.44870000000000004,0.39469250000000006
577,0.3715,0.5593,0.158375,0.3335,0.5347999999999999,0.39652
578,0.3715,0.35935,0.8455,0.3335,0.8598,0.5327075
579,0.3715,0.5534,0.48,0.3335,0.2537,0.417205
580,0.3715,0.6769000000000001,0.24625000000000002,0.8553,0.5599999999999999,0.499455
581,0.3715,0.5347999999999999,0.26475000000000004,0.3335,0.7884,0.44970999999999994
582,0.3715,0.12894999999999998,0.8455,0.74365,0.4514,0.4548625
583,0.3715,0.12894999999999998,0.8455,0.7933499999999999,0.39799999999999996,0.45182249999999996
584,0.9591000000000001,0.71415,0.8455,0.3335,0.49910000000000004,0.7435824999999999
585,0.3715,0.42965,0.8455,0.3335,0.93,0.5608124999999999
586,0.8742000000000001,0.61015,0.18125,0.3335,0.2537,0.5224525
587,0.3715,0.12894999999999998,0.8455,0.3335,0.7396,0.45707749999999997
588,0.9192,0.9463000000000001,0.488,0.3335,0.2537,0.68134
589,0.794,0.9283,0.393,0.96765,0.3915,0.704365
590,0.3715,0.12894999999999998,0.8455,0.3335,0.4859,0.41902249999999996
591,0.794,0.62895,0.8455,0.3335,0.8174,0.7204975
592,0.3715,0.4115,0.235625,0.3335,0.2537,0.33285499999999996
593,0.3715,0.12894999999999998,0.8455,0.9200499999999999,0.4286,0.4690825
594,0.3715,0.7807999999999999,0.27149999999999996,0.3335,0.4279,0.458485
595,0.3715,0.12894999999999998,0.8455,0.9018499999999999,0.7676000000000001,0.5181125
596,0.3715,0.4225,0.31475,0.3335,0.43579999999999997,0.37874499999999994
597,0.3715,0.12894999999999998,0.8455,0.3335,0.5396,0.4270775
598,0.3715,0.7304,0.21500000000000002,0.3335,0.4759,0.44178500000000004
599,0.7858,0.869,0.45049999999999996,0.75695,0.2537,0.6568399999999999
600,0.3715,0.7348499999999999,0.09437500000000001,0.3335,0.2537,0.38544249999999997
601,0.8206,0.5771,0.58975,0.3335,0.3831,0.59922
602,0.3715,0.47085,0.165625,0.3335,0.2537,0.3336925
603,0.3715,0.39180000000000004,0.2705,0.3335,0.2537,0.334905
604,0.3715,0.12894999999999998,0.8455,0.3335,0.7786,0.4629275
605,0.3715,0.4892,0.29337500000000005,0.3335,0.5295000000000001,0.40520000000000006
606,0.8206,0.7152000000000001,0.5642499999999999,0.3335,0.4271,0.6352450000000001
607,0.3715,0.6106,0.4105,0.8717499999999999,0.2537,0.47143
608,0.3715,0.41705000000000003,0.8455,0.3335,0.2537,0.4562175
609,0.3715,0.12894999999999998,0.8455,0.3335,0.5438,0.42770749999999996
610,0.3715,0.12894999999999998,0.8455,0.3335,0.7614000000000001,0.4603475
611,0.3715,0.7966,0.23712500000000003,0.3335,0.9434,0.5328849999999999
612,0.3715,0.12894999999999998,0.8455,0.3335,0.7132000000000001,0.4531175
613,0.3715,0.2952,0.256125,0.3335,0.47419999999999995,0.34095499999999995
614,0.3715,0.12894999999999998,0.8455,0.3335,0.7272000000000001,0.4552175
615,0.3715,0.63015,0.08374999999999999,0.3335,0.2537,0.3571425
616,0.3715,0.569,0.33375,0.83605,0.2537,0.44211
617,0.9338,0.64845,0.8455,0.3335,0.2537,0.6827574999999999
618,0.3715,0.12894999999999998,0.8455,0.3335,0.4352,0.4114175
620,0.3715,0.3998,0.35275,0.3335,0.41359999999999997,0.37733999999999995
621,0.8206,0.7186,0.535,0.71845,0.2537,0.64273
622,0.3715,0.12894999999999998,0.8455,0.3335,0.5504,0.42869749999999995
623,0.3715,0.6014,0.30725,0.3335,0.5078,0.43277000000000004
624,0.9004,0.7061499999999999,0.8455,0.3335,0.765,0.7638575
625,0.3715,0.516,0.321,0.3335,0.42919999999999997,0.40237999999999996
626,0.8742000000000001,0.26685,0.8455,0.3335,0.5509999999999999,0.6140725
627,0.3715,0.7758,0.28712499999999996,0.3335,0.48550000000000004,0.469
628,0.8742000000000001,0.41080000000000005,0.278875,0.7296499999999999,0.5072,0.5697800000000001
629,0.3715,0.7603,0.22987500000000002,0.3335,0.37470000000000003,0.43705499999999997
630,0.3715,0.35950000000000004,0.27925,0.3335,0.2537,0.32858
631,0.3715,0.4274,0.23712500000000003,0.3335,0.2537,0.33713
632,0.8832,0.9064000000000001,0.31150000000000005,0.709,0.4703,0.695305
633,0.3715,0.46199999999999997,0.12225,0.74365,0.45510000000000006,0.39403
634,0.8554,0.8509,0.36750000000000005,0.7296499999999999,0.48379999999999995,0.68838
635,0.3715,0.12894999999999998,0.8455,0.3335,0.7835999999999999,0.46367749999999996
636,0.3715,0.8555999999999999,0.27975000000000005,0.3335,0.2537,0.45270499999999997
637,0.3715,0.12894999999999998,0.8455,0.3335,0.45679999999999993,0.41465749999999996
638,0.3715,0.12894999999999998,0.8455,0.3335,0.8792,0.4780175
639,0.3715,0.4496,0.280875,0.3335,0.47779999999999995,0.38504499999999997
640,0.3715,0.43405000000000005,0.165875,0.81365,0.5163,0.4119475
641,0.3715,0.7127,0.5922499999999999,0.8553,0.5234,0.572115
642,0.3715,0.4303,0.44625,0.3335,0.2537,0.37967999999999996
643,0.3715,0.12894999999999998,0.8455,0.3335,0.4856,0.4189775
644,0.3715,0.12894999999999998,0.8455,0.3335,0.4424,0.41249749999999996
645,0.3715,0.4194,0.25775000000000003,0.3335,0.2537,0.33925500000000003
646,0.3715,0.7806000000000001,0.2909999999999999,0.3335,0.2537,0.43620499999999995
647,0.3715,0.12894999999999998,0.8455,0.3335,0.4543999999999999,0.4142975
648,0.3715,0.41445,0.8455,0.3335,0.5342,0.4976425
649,0.3715,0.56365,0.18887500000000002,0.3335,0.5183,0.4012325
650,0.3715,0.37525,0.21612499999999998,0.3335,0.49039999999999995,0.3553974999999999
651,0.3715,0.12894999999999998,0.8455,0.75695,0.871,0.5191325
652,0.9591000000000001,0.9517,0.664,0.3335,0.4575,0.76043
653,0.3715,0.12894999999999998,0.8455,0.3335,0.8464,0.47309749999999995
654,0.8742000000000001,0.5655,0.5810000000000001,0.3335,0.8949999999999999,0.687435
655,0.9282000000000001,0.50085,0.8455,0.3335,0.8158,0.7284925000000001
656,0.3715,0.42345,0.8455,0.3335,0.4406,0.4858525
657,0.794,0.7663000000000001,0.33425000000000005,0.3335,0.2537,0.56803
658,0.3715,0.12894999999999998,0.8455,0.3335,0.45919999999999994,0.4150175
659,0.3715,0.12894999999999998,0.8455,0.3335,0.7694,0.4615475
660,0.3715,0.12894999999999998,0.8455,0.3335,0.48019999999999996,0.41816749999999997
661,0.8206,0.7533000000000001,0.40474999999999994,0.3335,0.4502,0.616335
662,0.3715,0.12894999999999998,0.8455,0.3335,0.9552,0.48941749999999995
663,0.3715,0.44819999999999993,0.39,0.3335,0.2537,0.372905
664,0.3715,0.5722,0.071625,0.9834999999999998,0.2537,0.40523
665,0.3715,0.5472,0.14824999999999997,0.9018499999999999,0.2537,0.40614
666,0.3715,0.12894999999999998,0.8455,0.3335,0.8882,0.47936749999999995
667,0.3715,0.3277,0.279625,0.3335,0.7766,0.39914
668,0.3715,0.12894999999999998,0.8455,0.3335,0.9381999999999999,0.4868675
669,0.8206,0.65215,0.8455,0.3335,0.2537,0.6497225
670,0.3715,0.8433999999999999,0.478,0.3335,0.5195000000000001,0.529175
671,0.3715,0.41879999999999995,0.48225,0.3335,0.9574,0.48956
672,0.3715,0.35619999999999996,0.40475,0.74365,0.4226,0.419205
673,0.794,0.8349000000000001,0.268625,0.3335,0.4515,0.6017250000000001
674,0.3715,0.6919,0.48224999999999996,0.3335,0.9286,0.553515
675,0.794,0.8450000000000001,0.35425000000000006,0.7933499999999999,0.2537,0.6376899999999999
676,0.3715,0.7497,0.47300000000000003,0.9735999999999999,0.2537,0.52889
677,0.3715,0.6772,0.36375,0.3335,0.9718,0.53262
678,0.794,0.677,0.5582499999999999,0.9281,0.46579999999999994,0.6817799999999999
679,0.9457,0.9724999999999999,0.5810000000000001,0.7296499999999999,0.2537,0.7540549999999999
680,0.3715,0.12894999999999998,0.8455,0.3335,0.5299999999999999,0.4256375
681,0.784,0.8486,0.38425,0.3335,0.2537,0.5956049999999999
682,0.3715,0.12894999999999998,0.8455,0.9200499999999999,0.5288,0.4841125
683,0.8742000000000001,0.5907,0.30825,0.3335,0.3911,0.5636
684,0.3715,0.45820000000000005,0.30374999999999996,0.3335,0.5576,0.40374
685,0.794,0.8891,0.5055,0.9018499999999999,0.2537,0.6898149999999998
686,0.3715,0.40390000000000004,0.33525,0.3335,0.8260000000000001,0.43672500000000003
687,0.8206,0.8057000000000001,0.46325,0.3335,0.8956,0.707945
688,0.3715,0.3894,0.3075,0.7734,0.2537,0.385695
689,0.3715,0.12894999999999998,0.8455,0.3335,0.7558,0.45950749999999996
690,0.8832,0.9032,0.40325,0.3335,0.9363999999999999,0.74522
691,0.3715,0.4495,0.40149999999999997,0.3335,0.2537,0.37553
692,0.3715,0.24985000000000002,0.8455,0.3335,0.954,0.5194625
693,0.3715,0.12894999999999998,0.8455,0.3335,0.9738,0.4922075
694,0.3715,0.12894999999999998,0.8455,0.3335,0.5569999999999999,0.4296875
695,0.3715,0.12894999999999998,0.8455,0.9018499999999999,0.5516,0.4857125
696,0.3715,0.3302,0.166375,0.7139,0.8996,0.433605
697,0.3715,0.5592,0.20249999999999999,0.81365,0.2537,0.41117
698,0.3715,0.4706,0.36999999999999994,0.3335,0.7252000000000001,0.44522999999999996
699,0.3715,0.6177,0.25675,0.3335,0.2537,0.38863
700,0.9573999999999999,0.9258,0.5800000000000001,0.3335,0.2537,0.7060749999999999
701,0.3715,0.757,0.32225000000000004,0.3335,0.2537,0.43655499999999997
702,0.3715,0.12894999999999998,0.8455,0.3335,0.40099999999999997,0.40628749999999997
703,0.3715,0.12894999999999998,0.8455,0.9200499999999999,0.5156000000000001,0.4821325
704,0.3715,0.6624,0.108625,0.8717499999999999,0.2537,0.424005
705,0.3715,0.12894999999999998,0.8455,0.3335,0.7542,0.4592675
706,0.3715,0.35330000000000006,0.348125,0.3335,0.40390000000000004,0.363335
707,0.3715,0.5689,0.14200000000000002,0.3335,0.987,0.46347499999999997
709,0.9358,0.7404499999999999,0.8455,0.8553,0.2537,0.7585375
710,0.3715,0.47500000000000003,0.269,0.3335,0.9034,0.45286000000000004
711,0.3715,0.45299999999999996,0.15812500000000002,0.7111000000000001,0.5624,0.41179499999999997
712,0.3715,0.44229999999999997,0.144125,0.9281,0.7604,0.45771999999999996
713,0.3715,0.4942,0.16625,0.3335,0.5031000000000001,0.377065
714,0.3715,0.6267,0.10575000000000001,0.83605,0.2537,0.410935
715,0.9192,0.851,0.4992500000000001,0.7734,0.2537,0.7037549999999999
716,0.3715,0.5237,0.18175,0.83605,0.5444,0.44399
717,0.9338,0.9033,0.6352500000000001,0.3335,0.2537,0.7044199999999999
718,0.3715,0.5292,0.383,0.83605,0.9378,0.544625
719,0.9192,0.9595,0.45475000000000004,0.3335,0.43870000000000003,0.70574
720,0.3715,0.12894999999999998,0.8455,0.3335,0.2537,0.3841925
721,0.3715,0.6489,0.34475,0.3335,0.46819999999999995,0.44620499999999996
722,0.8742000000000001,0.5769000000000001,0.33599999999999997,0.3335,0.5243,0.58568
723,0.3715,0.4216,0.58825,0.7734,0.48679999999999995,0.48486
724,0.794,0.8642,0.43475,0.3335,0.497,0.6491
725,0.3715,0.35235,0.20400000000000001,0.7296499999999999,0.4573999999999999,0.3819125
726,0.3715,0.5207999999999999,0.139625,0.7933499999999999,0.2537,0.38696499999999995
727,0.3715,0.6766,0.26250000000000007,0.97745,0.4239,0.49443
728,0.3715,0.49720000000000003,0.223875,0.3335,0.49579999999999996,0.388245
729,0.3715,0.12894999999999998,0.8455,0.3335,0.8760000000000001,0.4775375
730,0.3715,0.36355000000000004,0.8455,0.3335,0.831,0.5294375
731,0.3715,0.46840000000000004,0.54325,0.3335,0.7888,0.48886999999999997
732,0.8206,0.6699999999999999,0.20462500000000003,0.9123499999999999,0.5198,0.6238099999999999
733,0.9573999999999999,0.9545999999999999,0.6185,0.75695,0.43879999999999997,0.791085
734,0.3715,0.12894999999999998,0.8455,0.3335,0.5449999999999999,0.4278875
735,0.8742000000000001,0.6282000000000001,0.43274999999999997,0.3335,0.7979999999999999,0.65891
736,0.3715,0.4295,0.601,0.3335,0.6974,0.476985
737,0.3715,0.42319999999999997,0.1885,0.7734,0.9128000000000001,0.46921
738,0.954,0.8702,0.6425,0.3335,0.2537,0.7036549999999999
739,0.3715,0.5403,0.136,0.81365,0.2537,0.393145
740,0.3715,0.12894999999999998,0.8455,0.3335,0.4496,0.4135775
741,0.8742000000000001,0.42810000000000004,0.5235000000000001,0.3335,0.2537,0.5453899999999999
742,0.3715,0.708,0.455,0.3335,0.99,0.5613
743,0.3715,0.5665,0.31400000000000006,0.3335,0.476,0.420625
744,0.3715,0.4045,0.2575,0.3335,0.9072,0.43350500000000003
745,0.3715,0.8875,0.487625,0.3335,0.2537,0.5022549999999999
746,0.9505,0.9611000000000001,0.661,0.3335,0.3947,0.75018
747,0.8206,0.7312,0.6395000000000001,0.3335,0.4731,0.661195
748,0.794,0.8578999999999999,0.32699999999999996,0.3335,0.2537,0.5894799999999999
749,0.794,0.8343,0.33275,0.9501499999999999,0.2537,0.6463949999999999
750,0.9704999999999999,0.9352,0.5325,0.3335,0.2537,0.702855
751,0.3715,0.3902,0.115375,0.9200499999999999,0.4322,0.38891000000000003
752,0.3715,0.5355000000000001,0.205625,0.3335,0.2537,0.35785500000000003
753,0.3715,0.4184,0.593,0.3335,0.5327,0.447905
754,0.794,0.841,0.56875,0.7734,0.42979999999999996,0.70401
755,0.9725999999999999,0.62065,0.8455,0.7734,0.49710000000000004,0.7679475
756,0.3715,0.4063,0.32099999999999995,0.3335,0.2537,0.34863
757,0.3715,0.12894999999999998,0.8455,0.3335,0.977,0.49268749999999994
758,0.3715,0.31720000000000004,0.21862499999999999,0.3335,0.779,0.384675
759,0.8746,0.61995,0.8455,0.7734,0.7627999999999999,0.7782275
760,0.3715,0.12894999999999998,0.8455,0.3335,0.5054,0.4219475
761,0.3715,0.5246000000000001,0.47125,0.81365,0.5389999999999999,0.499065
762,0.3715,0.6374000000000001,0.046249999999999986,0.9351,0.2537,0.411615
763,0.3715,0.12894999999999998,0.8455,0.3335,0.7762,0.46256749999999996
764,0.8206,0.4728,0.371,0.7296499999999999,0.923,0.6499949999999999
765,0.3715,0.6629,0.17537500000000003,0.3335,0.2537,0.383655
766,0.3715,0.5655,0.149625,0.3335,0.732,0.42589999999999995
767,0.3715,0.6319,0.35950000000000004,0.83605,0.2537,0.46298500000000004
768,0.3715,0.6079,0.22549999999999998,0.3335,0.2537,0.37993000000000005
769,0.3715,0.12894999999999998,0.8455,0.3335,0.5015000000000001,0.4213625
770,0.9338,0.6606500000000001,0.8455,0.3335,0.688,0.7509525
771,0.9004,0.9545999999999999,0.54725,0.3335,0.8356,0.77691
772,0.3715,0.5111,0.4525,0.3335,0.46279999999999993,0.43249499999999996
773,0.3715,0.29810000000000003,0.24824999999999997,0.3335,0.2537,0.30703
774,0.3715,0.12894999999999998,0.8455,0.3335,0.3899,0.4046225
775,0.3715,0.53375,0.8455,0.3335,0.3956,0.5066775
776,0.9282000000000001,0.5494,0.6577500000000001,0.3335,0.2537,0.618765
777,0.3715,0.45844999999999997,0.198375,0.3335,0.47059999999999996,0.3696775
778,0.3715,0.7147000000000001,0.17750000000000002,0.3335,0.4323,0.42382000000000003
779,0.3715,0.41235,0.20750000000000002,0.3335,0.44270000000000004,0.3557925
780,0.3715,0.7492,0.273875,0.3335,0.2537,0.42493
781,0.8206,0.6494,0.28025,0.3335,0.4807,0.570035
782,0.3715,0.45625,0.2525,0.3335,0.2537,0.3474175
783,0.8742000000000001,0.7262,0.6412500000000001,0.3335,0.2537,0.643465
784,0.3715,0.5819000000000001,0.241,0.3335,0.2537,0.37653000000000003
785,0.3715,0.5452999999999999,0.113125,0.7933499999999999,0.46459999999999996,0.41942499999999994
786,0.3715,0.12894999999999998,0.8455,0.3335,0.5359,0.42652249999999997
787,0.8206,0.4535,0.49149999999999994,0.3335,0.8946,0.6253949999999999
788,0.8998,0.9519,0.5902499999999999,0.8868,0.2537,0.7526999999999999
789,0.9573999999999999,0.9302999999999999,0.635,0.3335,0.2537,0.7182
790,0.3715,0.7838999999999999,0.32050000000000006,0.3335,0.2537,0.44293
791,0.3715,0.6598999999999999,0.481,0.3335,0.8544,0.534135
792,0.8742000000000001,0.6702,0.384,0.3335,0.2537,0.578015
793,0.3715,0.5468999999999999,0.39825,0.3335,0.2537,0.39923
794,0.3715,0.12894999999999998,0.8455,0.83605,0.2537,0.4344475
795,0.3715,0.34035000000000004,0.166875,0.3335,0.9356,0.4036025
796,0.9295,0.9944,0.6792500000000001,0.7222999999999999,0.3719,0.791315
797,0.3715,0.5779,0.404,0.3335,0.49150000000000005,0.4437999999999999
798,0.8742000000000001,0.8238,0.3777499999999999,0.3335,0.2537,0.615165
799,0.3715,0.382,0.267,0.8717499999999999,0.2537,0.38558
800,0.9573999999999999,0.9414,0.624,0.3335,0.2537,0.7187749999999999
801,0.3715,0.12894999999999998,0.8455,0.7734,0.422,0.4534275
802,0.3715,0.12894999999999998,0.8455,0.3335,0.2537,0.3841925
803,0.3715,0.7728000000000002,0.460125,0.83605,0.4631,0.549745
804,0.3715,0.33330000000000004,0.362,0.83605,0.488,0.42397999999999997
805,0.3715,0.29795,0.219625,0.3335,0.2537,0.30126749999999997
806,0.8206,0.46465,0.8455,0.3335,0.6881999999999999,0.6680225
807,0.3715,0.4266,0.275,0.83605,0.2537,0.39476
808,0.8206,0.806,0.26899999999999996,0.3335,0.4231,0.5982949999999999
809,0.794,0.6894,0.657,0.3335,0.8732,0.7062799999999999
810,0.3715,0.9403999999999999,0.367375,0.9501499999999999,0.884,0.64764
811,0.3715,0.7228999999999999,0.245375,0.3335,0.6874,0.4777099999999999
812,0.3715,0.12894999999999998,0.8455,0.3335,0.6972,0.4507175
813,0.3715,0.5187,0.19287500000000002,0.3335,0.3944,0.37221
814,0.3715,0.6399999999999999,0.35224999999999995,0.3335,0.2537,0.413305
815,0.3715,0.5912,0.31337500000000007,0.3335,0.2537,0.39333
816,0.3715,0.4353,0.177125,0.3335,0.5107,0.36565499999999995
817,0.3715,0.5706,0.3695,0.3335,0.46190000000000003,0.430635
818,0.3715,0.5289999999999999,0.057999999999999996,0.9501499999999999,0.2537,0.38837
819,0.3715,0.7430999999999999,0.18250000000000002,0.7734,0.5018,0.48633499999999996
820,0.8206,0.7507,0.40650000000000003,0.81365,0.2537,0.634575
821,0.9338,0.8948,0.6735,0.8553,0.5648,0.8087900000000001
822,0.3715,0.6231,0.144625,0.81365,0.41030000000000005,0.43906
823,0.3715,0.8738,0.26849999999999996,0.3335,0.7791999999999999,0.5338299999999999
824,0.8206,0.6215999999999999,0.44000000000000006,0.71845,0.4675,0.63155
825,0.3715,0.12894999999999998,0.8455,0.81365,0.2537,0.4322075
826,0.3715,0.12894999999999998,0.8455,0.3335,0.41,0.4076375
827,0.9004,0.6180500000000001,0.8455,0.3335,0.2537,0.6651374999999999
828,0.3715,0.6556,0.55025,0.98655,0.45619999999999994,0.5524849999999999
829,0.8998,0.6444,0.363625,0.3335,0.5618,0.621385
830,0.3715,0.12894999999999998,0.8455,0.8553,0.2537,0.4363725
831,0.3715,0.6062,0.11249999999999999,0.3335,0.2537,0.35690500000000003
832,0.8742000000000001,0.5539000000000001,0.29750000000000004,0.3335,0.44070000000000004,0.55969
833,0.3715,0.5281,0.14375,0.83605,0.2537,0.393885
834,0.3715,0.5423,0.38525000000000004,0.74365,0.2537,0.436495
835,0.8206,0.6006,0.6035,0.83605,0.9098,0.737105
836,0.794,0.8571,0.49575,0.8868,0.512,0.717105
837,0.3715,0.12894999999999998,0.8455,0.9018499999999999,0.5564,0.4864325
838,0.3715,0.12894999999999998,0.8455,0.3335,0.6901999999999999,0.4496675
839,0.3715,0.12894999999999998,0.8455,0.81365,0.437,0.4597025
840,0.3715,0.5227999999999999,0.38099999999999995,0.3335,0.40459999999999996,0.4123899999999999
841,0.8746,0.9272,0.504,0.3335,0.2537,0.666385
842,0.3715,0.12894999999999998,0.8455,0.7734,0.5371,0.4706925
843,0.3715,0.7523,0.47775,0.3335,0.46879999999999994,0.498745
844,0.8206,0.763,0.516,0.7296499999999999,0.86,0.742095
845,0.8554,0.9418,0.518,0.3335,0.2537,0.667075
846,0.3715,0.6248,0.26125000000000004,0.3335,0.9548,0.49646999999999997
847,0.3715,0.4624,0.163125,0.9589,0.3839,0.41315
848,0.3715,0.12894999999999998,0.8455,0.3335,0.5402,0.4271675
849,0.3715,0.4406,0.43875000000000003,0.3335,0.9436,0.48424
850,0.3715,0.12894999999999998,0.8455,0.7933499999999999,0.8926000000000001,0.5260125
851,0.3715,0.6378,0.2955,0.96275,0.5336,0.506315
852,0.8742000000000001,0.5101,0.6232500000000001,0.3335,0.5119,0.62457
853,0.3715,0.29165,0.8455,0.3335,0.4319,0.4515975
854,0.3715,0.12894999999999998,0.8455,0.75695,0.8262,0.5124125
855,0.784,0.8393999999999999,0.5850000000000001,0.74365,0.527,0.7154649999999999
856,0.3715,0.12894999999999998,0.8455,0.9018499999999999,0.2537,0.4410275
857,0.8742000000000001,0.44475,0.8455,0.3335,0.40030000000000004,0.6359425
858,0.8998,0.44255,0.8455,0.3335,0.4011,0.6431925000000001
859,0.3715,0.12894999999999998,0.8455,0.7296499999999999,0.9827999999999999,0.5331724999999999
860,0.3715,0.6172,0.22425000000000003,0.8553,0.2537,0.434185
861,0.3715,0.5081,0.2005,0.3335,0.4255,0.37575000000000003
862,0.3715,0.6679999999999999,0.279375,0.3335,0.4839,0.44026
863,0.3715,0.12894999999999998,0.8455,0.3335,0.48139999999999994,0.4183475
864,0.3715,0.12894999999999998,0.8455,0.83605,0.974,0.5424924999999999
865,0.3715,0.21645,0.8455,0.98165,0.8977999999999999,0.5674975
866,0.3715,0.12894999999999998,0.8455,0.9018499999999999,0.8013999999999999,0.5231825
867,0.8206,0.5889,0.2935,0.3335,0.8946000000000001,0.619645
868,0.8206,0.8039999999999999,0.6587500000000001,0.3335,0.8632000000000001,0.74176
869,0.3715,0.12894999999999998,0.8455,0.3335,0.5419999999999999,0.42743749999999997
870,0.3715,0.41625,0.21112500000000003,0.74365,0.5135000000000001,0.40912750000000003
871,0.8998,0.7944,0.38925,0.3335,0.2537,0.617795
872,0.3715,0.4754,0.4275,0.81365,0.5239,0.47575000000000006
873,0.794,0.6443,0.5215000000000001,0.3335,0.4899,0.61041
874,0.3715,0.12894999999999998,0.8455,0.3335,0.8778,0.4778075
875,0.3715,0.12894999999999998,0.8455,0.3335,0.9618,0.4904075
876,0.3715,0.40559999999999996,0.512,0.3335,0.47239999999999993,0.41945999999999994
877,0.9573999999999999,0.898,0.67825,0.74365,0.2537,0.75979
878,0.3715,0.12894999999999998,0.8455,0.3335,0.5654,0.4309475
879,0.3715,0.12894999999999998,0.8455,0.3335,0.2537,0.3841925
880,0.3715,0.12894999999999998,0.8455,0.9421,0.5252,0.48577750000000003
881,0.9505,0.9310999999999999,0.6065,0.9123499999999999,0.9056,0.8662999999999998
882,0.3715,0.4391,0.5529999999999999,0.8868,0.49339999999999995,0.49451500000000004
883,0.3715,0.45230000000000004,0.465,0.7222999999999999,0.7292000000000001,0.499135
929,0.3715,0.12894999999999998,0.8455,0.3335,0.4442,0.41276749999999995
884,0.3715,0.8217000000000001,0.22137500000000002,0.3335,0.2537,0.432555
885,0.3715,0.12894999999999998,0.8455,0.3335,0.7522,0.4589675
886,0.3715,0.12894999999999998,0.8455,0.3335,0.8797999999999999,0.47810749999999996
887,0.3715,0.6824000000000001,0.17225,0.3335,0.4651,0.41961499999999996
888,0.3715,0.38539999999999996,0.46825,0.3335,0.4603999999999999,0.40386
889,0.3715,0.38480000000000003,0.35250000000000004,0.3335,0.7484,0.42375999999999997
890,0.3715,0.4775,0.191625,0.83605,0.2537,0.39081
891,0.3715,0.7658499999999999,0.144375,0.3335,0.2537,0.40319249999999995
892,0.3715,0.6392,0.38087499999999996,0.75695,0.7008,0.52824
893,0.3715,0.386,0.16475,0.97745,0.2537,0.37670000000000003
894,0.3715,0.12894999999999998,0.8455,0.74365,0.8448,0.5138725
895,0.3715,0.5617,0.279875,0.8868,0.2537,0.43458499999999994
896,0.794,0.8224,0.302125,0.3335,0.5319,0.6173599999999999
897,0.3715,0.12894999999999998,0.8455,0.3335,0.2537,0.3841925
898,0.3715,0.57575,0.10749999999999998,0.3335,0.2537,0.3482925
899,0.3715,0.12894999999999998,0.8455,0.8717499999999999,0.952,0.5427625
900,0.3715,0.12894999999999998,0.8455,0.3335,0.41179999999999994,0.4079075
901,0.3715,0.12894999999999998,0.8455,0.98655,0.47359999999999997,0.4824825
902,0.3715,0.12894999999999998,0.8455,0.3335,0.2537,0.3841925
903,0.3715,0.5622,0.47175,0.3335,0.9218,0.5179699999999999
904,0.3715,0.7681,0.27612500000000006,0.3335,0.4976,0.46669
905,0.9338,0.8438,0.5542500000000001,0.3335,0.5146999999999999,0.712495
906,0.3715,0.4093,0.3085,0.3335,0.2537,0.34688
907,0.3715,0.6558999999999999,0.11825,0.83605,0.2537,0.42073499999999997
908,0.8742000000000001,0.4436,0.26150000000000007,0.3335,0.4436,0.52535
909,0.3715,0.5967,0.15975000000000003,0.3335,0.2537,0.36398
910,0.3715,0.5385,0.4580000000000001,0.8717499999999999,0.4304,0.48941
911,0.3715,0.12894999999999998,0.8455,0.3335,0.4663999999999999,0.41609749999999995
912,0.3715,0.5528,0.30874999999999997,0.3335,0.2537,0.382805
913,0.3715,0.8063,0.5315000000000001,0.3335,0.2537,0.49073
914,0.3715,0.763,0.26075,0.3335,0.46070000000000005,0.456805
915,0.3715,0.12894999999999998,0.8455,0.3335,0.46519999999999995,0.4159175
916,0.3715,0.12894999999999998,0.8455,0.3335,0.5282,0.4253675
917,0.3715,0.62515,0.152625,0.3335,0.4163,0.39405749999999995
918,0.3715,0.36424999999999996,0.18637499999999999,0.3335,0.40759999999999996,0.33427749999999995
919,0.3715,0.3438,0.36262500000000003,0.3335,0.2537,0.34132999999999997
920,0.3715,0.8837999999999999,0.42150000000000004,0.3335,0.2537,0.48810499999999996
921,0.3715,0.29945,0.8455,0.3335,0.8124,0.5106225
922,0.3715,0.6387,0.40850000000000003,0.75695,0.2537,0.466575
923,0.3715,0.44325000000000003,0.17362499999999997,0.3335,0.2537,0.3283925
924,0.8742000000000001,0.5399,0.37625,0.3335,0.2537,0.54389
925,0.3715,0.7184,0.33299999999999996,0.3335,0.4124,0.45286000000000004
926,0.3715,0.351,0.342,0.3335,0.4643,0.370595
927,0.3715,0.6384,0.6485,0.7933499999999999,0.6991999999999999,0.5849650000000001
928,0.9338,0.57065,0.8455,0.3335,0.2537,0.6633074999999999
930,0.3715,0.12894999999999998,0.8455,0.3335,0.40219999999999995,0.4064675
931,0.3715,0.12894999999999998,0.8455,0.3335,0.3908,0.4047575
932,0.8742000000000001,0.28835,0.8455,0.8717499999999999,0.5323,0.6704675
933,0.8746,0.9154,0.42050000000000004,0.3335,0.38830000000000003,0.666925
934,0.3715,0.6013,0.5715,0.3335,0.46099999999999997,0.478575
935,0.3715,0.12894999999999998,0.8455,0.3335,0.42079999999999995,0.4092575
936,0.3715,0.5295,0.4595,0.3335,0.2537,0.40713
937,0.8998,0.8412,0.44,0.3335,0.2537,0.6396449999999999
938,0.3715,0.12894999999999998,0.8455,0.3335,0.5138,0.42320749999999996
939,0.8206,0.5667,0.1275,0.3335,0.5486,0.528995
940,0.3715,0.48149999999999993,0.56625,0.3335,0.9728,0.5243450000000001
941,0.3715,0.48019999999999996,0.12087500000000001,0.74365,0.46699999999999997,0.40009
942,0.3715,0.12894999999999998,0.8455,0.3335,0.4946,0.42032749999999997
943,0.3715,0.5972000000000001,0.33399999999999996,0.3335,0.5408,0.44201999999999997
944,0.3715,0.41615,0.135625,0.3335,0.7470000000000001,0.3880125
945,0.3715,0.33840000000000003,0.21387499999999998,0.3335,0.4359,0.33755999999999997
946,0.8746,0.7741999999999999,0.476,0.3335,0.2537,0.6225349999999998
947,0.3715,0.12894999999999998,0.8455,0.81365,0.4184,0.4569125
948,0.3715,0.49165000000000003,0.8455,0.3335,0.4454,0.5036225000000001
949,0.3715,0.5660000000000001,0.31750000000000006,0.3335,0.4034,0.41031
950,0.3715,0.687,0.56775,0.9735999999999999,0.416,0.55651
951,0.794,0.7679999999999999,0.34975,0.3335,0.4532,0.60148
952,0.8742000000000001,0.36955,0.8455,0.8553,0.48319999999999996,0.6817575
953,0.3715,0.4174,0.22849999999999998,0.75695,0.8966000000000001,0.471685
954,0.8746,0.9079999999999999,0.67,0.3335,0.2537,0.694785
955,0.3715,0.7207,0.41125,0.96275,0.2537,0.508205
956,0.3715,0.12894999999999998,0.8455,0.7734,0.8626,0.5195175000000001
957,0.8206,0.7393000000000001,0.252125,0.7933499999999999,0.2537,0.5988199999999999
958,0.3715,0.6981,0.142625,0.71845,0.41119999999999995,0.448025
959,0.3715,0.7455,0.33225,0.3335,0.2537,0.43568
960,0.3715,0.38995,0.14412499999999998,0.3335,0.44179999999999997,0.3373825
961,0.3715,0.67025,0.0945,0.3335,0.2537,0.3693175
962,0.3715,0.56075,0.11562499999999998,0.3335,0.43270000000000003,0.37301749999999995
963,0.3715,0.7159,0.37325,0.3335,0.2537,0.43648
964,0.9573999999999999,0.9365,0.48774999999999996,0.3335,0.4559,0.72063
965,0.3715,0.12894999999999998,0.8455,0.3335,0.6916,0.4498775
966,0.3715,0.12894999999999998,0.8455,0.83605,0.2537,0.4344475
967,0.3715,0.5216000000000001,0.15012499999999998,0.3335,0.2537,0.34328
968,0.3715,0.5665499999999999,0.227,0.3335,0.4478,0.39900749999999996
969,0.3715,0.12894999999999998,0.8455,0.3335,0.5294,0.42554749999999997
970,0.3715,0.12894999999999998,0.8455,0.3335,0.7402,0.45716749999999995
971,0.3715,0.12894999999999998,0.8455,0.8717499999999999,0.7354,0.5102725
972,0.3715,0.12894999999999998,0.8455,0.81365,0.8788,0.5259725
973,0.3715,0.4098,0.17712499999999998,0.7296499999999999,0.41659999999999997,0.38477999999999996
974,0.3715,0.4133,0.47300000000000003,0.3335,0.2537,0.38078
975,0.3715,0.6501,0.28300000000000003,0.8553,0.2537,0.45415999999999995
976,0.7858,0.9259999999999999,0.5365,0.3335,0.2537,0.645945
977,0.3715,0.6874,0.5900000000000001,0.83605,0.8792,0.6167849999999999
978,0.3715,0.8391,0.354375,0.98,0.4771,0.561665
979,0.3715,0.32175,0.8455,0.3335,0.5102,0.4708675
980,0.8480000000000001,0.9479000000000001,0.48750000000000004,0.7296499999999999,0.2537,0.6998949999999999
981,0.3715,0.6228,0.11537499999999998,0.7296499999999999,0.2537,0.401245
982,0.3715,0.6331,0.5985,0.3335,0.7607999999999999,0.536895
983,0.3715,0.752,0.30899999999999994,0.7734,0.2537,0.476645
984,0.3715,0.3991,0.43775000000000003,0.3335,0.7894,0.450535
985,0.794,0.7648999999999999,0.28975000000000006,0.7296499999999999,0.443,0.62679
986,0.3715,0.7992,0.09587500000000002,0.3335,0.2537,0.40183
987,0.3715,0.12894999999999998,0.8455,0.3335,0.7632,0.4606175
988,0.3715,0.4188,0.378,0.3335,0.3795,0.382025
989,0.3715,0.34985,0.19999999999999998,0.3335,0.2537,0.3103175
990,0.3715,0.12894999999999998,0.8455,0.3335,0.9825999999999999,0.4935275
991,0.3715,0.12894999999999998,0.8455,0.3335,0.5582,0.42986749999999996
992,0.3715,0.4855,0.186625,0.8553,0.45830000000000004,0.424425
993,0.3715,0.48895000000000005,0.221125,0.3335,0.7494000000000001,0.4236725
994,0.3715,0.6662,0.10975000000000001,0.8553,0.2537,0.42353500000000005
995,0.8554,0.73365,0.8455,0.8717499999999999,0.41719999999999996,0.7588875
996,0.3715,0.12894999999999998,0.8455,0.3335,0.942,0.48743749999999997
997,0.3715,0.3671,0.33575,0.3335,0.506,0.379625
998,0.3715,0.5977,0.31925,0.83605,0.4623,0.47767499999999996
999,0.3715,0.8359,0.2672500000000001,0.99505,0.9474,0.61549
1000,0.3715,0.4173,0.166125,0.9890999999999999,0.40230000000000005,0.408255
